date,direction,session,pnl,outcome,reason,hour,dow,atr,level,strategy
2020-01-13,short,sr_bounce,250.0,win,tp,14,0,1.7144936620295204,1555.3335,S3_SR_Bounce
2020-01-14,long,sr_bounce,-99.99999999999716,loss,sl,11,1,1.7172662314556453,1544.905,S3_SR_Bounce
2020-01-15,long,sr_bounce,250.0,win,tp,13,2,1.5904623659543558,1547.02,S3_SR_Bounce
2020-01-21,long,sr_bounce,-100.00000000000304,loss,sl,10,1,2.0316740393497477,1554.1185,S3_SR_Bounce
2020-01-22,long,sr_bounce,-100.00000000000486,loss,sl,1,2,2.2647490338055185,1554.1185,S3_SR_Bounce
2020-01-23,long,sr_bounce,250.0,win,tp,10,3,1.6697439288093732,1554.1185,S3_SR_Bounce
2020-01-23,short,sr_bounce,250.0,win,tp,17,3,2.0156296945327328,1567.9264999999998,S3_SR_Bounce
2020-01-27,long,sr_bounce,86.12527772380207,win,sl,18,0,2.8765050634376026,1577.1734999999999,S3_SR_Bounce
2020-01-30,long,sr_bounce,81.11464015172088,win,sl,13,3,2.0067763871942113,1577.1734999999999,S3_SR_Bounce
2020-02-10,short,sr_bounce,129.57127989247346,win,sl,0,0,1.470473066890289,1574.1515,S3_SR_Bounce
2020-02-11,long,sr_bounce,-99.99999999999987,loss,sl,0,1,1.1252995358609057,1571.0585,S3_SR_Bounce
2020-02-25,long,sr_bounce,198.02560377079487,win,sl,6,1,4.9742547912623,1633.1815,S3_SR_Bounce
2020-02-26,long,sr_bounce,152.71822169640873,win,sl,15,2,5.320202682313821,1633.1815,S3_SR_Bounce
2020-03-03,short,sr_bounce,102.47058001337244,win,sl,18,1,6.798947543479491,1648.2749999999999,S3_SR_Bounce
2020-03-04,long,sr_bounce,122.39622828744913,win,sl,21,2,3.601376744814312,1635.0735,S3_SR_Bounce
2020-03-09,long,sr_bounce,96.01454843563147,win,sl,4,0,8.367854858839761,1657.5600000000002,S3_SR_Bounce
2020-03-10,long,sr_bounce,104.12932792252548,win,sl,9,1,4.061283074286392,1657.5600000000002,S3_SR_Bounce
2020-03-11,long,sr_bounce,91.97935565503535,win,sl,1,2,4.515857779741013,1657.5600000000002,S3_SR_Bounce
2020-03-12,long,sr_bounce,107.77331201225553,win,sl,0,3,4.194262086706326,1641.6119999999999,S3_SR_Bounce
2020-03-12,short,sr_bounce,250.0,win,tp,1,3,4.165927281820578,1650.2065000000002,S3_SR_Bounce
2020-03-18,short,sr_bounce,135.01218359483653,win,sl,10,2,7.791743248898244,1517.945,S3_SR_Bounce
2020-03-23,short,sr_bounce,-99.99999999999898,loss,sl,12,0,5.9085945966554085,1516.1635,S3_SR_Bounce
2020-03-24,short,sr_bounce,164.70003170177407,win,sl,23,1,10.273813748421524,1641.03,S3_SR_Bounce
2020-03-25,long,sr_bounce,250.0,win,tp,8,2,7.682926729045491,1596.917,S3_SR_Bounce
2020-03-26,long,sr_bounce,250.0,win,tp,2,3,7.688862676677713,1596.917,S3_SR_Bounce
2020-03-30,long,sr_bounce,98.69569762738753,win,sl,3,0,5.173195796798312,1614.4205,S3_SR_Bounce
2020-03-31,long,sr_bounce,90.88682025868266,win,sl,1,1,3.3796374541436727,1614.4205,S3_SR_Bounce
2020-04-01,short,sr_bounce,101.81274914650737,win,sl,22,2,5.602458204792236,1595.59,S3_SR_Bounce
2020-04-02,long,sr_bounce,136.02573453956956,win,sl,5,3,4.535416381520801,1583.945,S3_SR_Bounce
2020-04-02,short,sr_bounce,-99.99999999999899,loss,sl,11,3,4.374628309841727,1595.59,S3_SR_Bounce
2020-04-08,long,sr_bounce,81.53098677924639,win,sl,0,2,3.5488891469581216,1641.5800000000002,S3_SR_Bounce
2020-04-12,long,sr_bounce,-99.99999999999844,loss,sl,22,6,4.880505769835812,1676.211,S3_SR_Bounce
2020-04-14,long,sr_bounce,250.0,win,tp,7,1,3.7887592183275203,1710.3200000000002,S3_SR_Bounce
2020-04-15,long,sr_bounce,170.99451006752412,win,sl,7,2,4.1493970611833895,1708.135,S3_SR_Bounce
2020-04-16,long,sr_bounce,250.0,win,tp,4,3,3.362341572094186,1713.7715,S3_SR_Bounce
2020-04-20,long,sr_bounce,175.53686770231437,win,sl,0,0,4.321766433418387,1672.223,S3_SR_Bounce
2020-04-21,long,sr_bounce,-99.99999999999795,loss,sl,9,1,4.697330957638638,1672.223,S3_SR_Bounce
2020-04-23,long,sr_bounce,105.16432903051714,win,sl,0,3,3.1264567750979353,1709.71,S3_SR_Bounce
2020-05-07,long,sr_bounce,-100.00000000000027,loss,sl,2,3,2.6685279950802325,1690.27,S3_SR_Bounce
2020-05-11,long,sr_bounce,114.87044205799066,win,sl,15,0,4.177685498939223,1692.1634999999999,S3_SR_Bounce
2020-05-12,long,sr_bounce,159.95537363130776,win,sl,19,1,2.563822070344721,1698.511,S3_SR_Bounce
2020-05-13,long,sr_bounce,157.1537309351314,win,sl,9,2,1.7973284011378337,1699.8684999999998,S3_SR_Bounce
2020-05-14,long,sr_bounce,141.53675455967897,win,sl,5,3,1.9657176358889448,1711.8400000000001,S3_SR_Bounce
2020-05-18,long,sr_bounce,130.62624945269368,win,sl,17,0,5.185896090655894,1727.7565,S3_SR_Bounce
2020-05-21,long,sr_bounce,91.51511758015964,win,sl,14,3,3.7816945241815842,1717.2835,S3_SR_Bounce
2020-05-25,long,sr_bounce,-100.0000000000021,loss,sl,2,0,3.162190339492942,1726.6200000000001,S3_SR_Bounce
2020-05-26,short,sr_bounce,250.0,win,tp,1,1,1.8201749035323231,1732.6934999999999,S3_SR_Bounce
2020-05-26,long,sr_bounce,-99.99999999999945,loss,sl,11,1,2.31980934666923,1723.8865,S3_SR_Bounce
2020-05-27,short,sr_bounce,209.4728344295673,win,sl,0,2,2.7191337347455438,1713.9885,S3_SR_Bounce
2020-05-28,short,sr_bounce,-99.99999999999967,loss,sl,0,3,2.7390671721077613,1713.9885,S3_SR_Bounce
2020-06-02,long,sr_bounce,-99.99999999999683,loss,sl,6,1,2.2602842355086783,1734.9035000000001,S3_SR_Bounce
2020-06-03,long,sr_bounce,126.480095322523,win,sl,15,2,4.894278793038072,1692.295,S3_SR_Bounce
2020-06-04,short,sr_bounce,171.73855865915863,win,sl,18,3,2.7800793758475644,1720.1965,S3_SR_Bounce
2020-06-09,short,sr_bounce,93.74775593536104,win,sl,14,1,3.183604816560366,1720.1965,S3_SR_Bounce
2020-06-10,long,sr_bounce,-100.00000000000003,loss,sl,15,2,2.9447391649089236,1713.22,S3_SR_Bounce
2020-06-11,long,sr_bounce,189.68477152199333,win,sl,19,3,4.60326556695019,1723.1950000000002,S3_SR_Bounce
2020-06-15,long,sr_bounce,-99.99999999999997,loss,sl,12,0,3.314577887571205,1708.0535000000002,S3_SR_Bounce
2020-06-16,long,sr_bounce,-100.0000000000015,loss,sl,12,1,3.2097561906941308,1723.1950000000002,S3_SR_Bounce
2020-06-17,long,sr_bounce,123.99757005338732,win,sl,1,2,2.5204641743498017,1723.1950000000002,S3_SR_Bounce
2020-06-22,long,sr_bounce,250.0,win,tp,8,0,3.0732197759023006,1745.0794999999998,S3_SR_Bounce
2020-06-23,long,sr_bounce,140.03548682827923,win,sl,5,1,2.461459170117194,1750.4165,S3_SR_Bounce
2020-07-06,long,sr_bounce,250.0,win,tp,4,0,1.3792002635132332,1771.5185000000001,S3_SR_Bounce
2020-07-14,long,sr_bounce,167.5541941168062,win,sl,2,1,1.867704970499517,1796.6934999999999,S3_SR_Bounce
2020-07-14,short,sr_bounce,95.10886183838353,win,sl,19,1,2.0724029215415394,1810.22,S3_SR_Bounce
2020-07-16,long,sr_bounce,92.25072740541282,win,sl,20,3,2.1561318080759,1795.41,S3_SR_Bounce
2020-07-20,long,sr_bounce,127.40997037184898,win,sl,2,0,1.3469926522244775,1806.66,S3_SR_Bounce
2020-08-03,long,sr_bounce,-100.00000000000007,loss,sl,12,0,2.6811630221172873,1965.9685,S3_SR_Bounce
2020-08-04,long,sr_bounce,250.0,win,tp,13,1,2.5109441902578684,1971.4835,S3_SR_Bounce
2020-08-12,short,sr_bounce,250.0,win,tp,8,2,10.6665788532313,1949.6565,S3_SR_Bounce
2020-08-13,short,sr_bounce,-99.99999999999882,loss,sl,15,3,7.26896440291452,1949.6565,S3_SR_Bounce
2020-08-16,short,sr_bounce,202.02656119376707,win,sl,22,6,4.6160222848664745,1951.5935,S3_SR_Bounce
2020-08-18,long,sr_bounce,250.0,win,tp,0,1,4.043015295849797,1980.8615,S3_SR_Bounce
2020-08-19,long,sr_bounce,-99.9999999999987,loss,sl,18,2,8.108083201837067,1933.475,S3_SR_Bounce
2020-08-20,short,sr_bounce,250.0,win,tp,4,3,7.188449734966506,1955.4099999999999,S3_SR_Bounce
2020-08-26,short,sr_bounce,167.39265697675327,win,sl,23,2,4.847326875766226,1954.2485,S3_SR_Bounce
2020-08-27,long,sr_bounce,250.0,win,tp,14,3,10.269592868842985,1914.7015,S3_SR_Bounce
2020-08-27,short,sr_bounce,-99.99999999999949,loss,sl,20,3,10.351300521068477,1932.465,S3_SR_Bounce
2020-08-31,long,sr_bounce,182.8044882120945,win,sl,8,0,3.8387916099149435,1956.66,S3_SR_Bounce
2020-09-02,long,sr_bounce,99.76264348501324,win,sl,7,2,4.008224129361683,1956.66,S3_SR_Bounce
2020-09-08,short,sr_bounce,-99.99999999999977,loss,sl,16,1,4.996509815290904,1939.1085,S3_SR_Bounce
2020-09-10,long,sr_bounce,-99.99999999999817,loss,sl,23,3,4.173685479039781,1943.7415,S3_SR_Bounce
2020-09-15,long,sr_bounce,111.91235401893121,win,sl,15,1,3.761050269346788,1950.715,S3_SR_Bounce
2020-09-21,long,sr_bounce,123.66330898317798,win,sl,14,0,6.4929030617926715,1882.6685000000002,S3_SR_Bounce
2020-09-28,short,sr_bounce,-100.00000000000118,loss,sl,13,0,4.4015154596294845,1877.1014999999998,S3_SR_Bounce
2020-09-29,long,sr_bounce,110.57887463901528,win,sl,5,1,2.31539783276924,1875.5600000000002,S3_SR_Bounce
2020-09-29,short,sr_bounce,120.46399450401282,win,sl,22,1,2.0235068994986514,1899.455,S3_SR_Bounce
2020-09-30,short,sr_bounce,80.64311845601515,win,sl,11,2,2.3457616449395577,1887.1135,S3_SR_Bounce
2020-10-01,long,sr_bounce,131.75780449002113,win,sl,0,3,3.0150012777443433,1884.7885,S3_SR_Bounce
2020-10-01,short,sr_bounce,-100.00000000000293,loss,sl,0,3,3.0150012777443433,1887.1135,S3_SR_Bounce
2020-10-05,short,sr_bounce,80.83742315872637,win,sl,16,0,3.093412539168156,1917.155,S3_SR_Bounce
2020-10-06,long,sr_bounce,-100.00000000000063,loss,sl,19,1,3.8397455939538974,1889.8465,S3_SR_Bounce
2020-10-07,short,sr_bounce,109.04228696317868,win,sl,7,2,3.145416039649027,1898.01,S3_SR_Bounce
2020-10-08,short,sr_bounce,-99.99999999999586,loss,sl,13,3,2.1327916151720703,1898.01,S3_SR_Bounce
2020-10-13,long,sr_bounce,97.13104028466161,win,sl,2,1,2.759039814870656,1911.2485,S3_SR_Bounce
2020-10-15,short,sr_bounce,250.0,win,tp,7,3,2.5828933130055365,1903.6850000000002,S3_SR_Bounce
2020-10-19,long,sr_bounce,250.0,win,tp,4,0,2.8225487171993593,1900.2500000000002,S3_SR_Bounce
2020-10-19,short,sr_bounce,-99.99999999999956,loss,sl,7,0,2.966887766649747,1910.7365000000002,S3_SR_Bounce
2020-10-20,short,sr_bounce,119.61572791533509,win,sl,0,1,2.517295790632247,1903.6850000000002,S3_SR_Bounce
2020-10-22,long,sr_bounce,97.69377709896533,win,sl,15,3,4.212245551105192,1898.8785,S3_SR_Bounce
2020-10-27,short,sr_bounce,250.0,win,tp,6,1,2.17564097769503,1910.4785,S3_SR_Bounce
2020-10-27,long,sr_bounce,250.0,win,tp,9,1,2.599747617241461,1897.9215,S3_SR_Bounce
2020-11-02,short,sr_bounce,82.3372790769312,win,sl,6,0,2.343112436069107,1885.205,S3_SR_Bounce
2020-11-04,long,sr_bounce,250.0,win,tp,10,2,5.215234962191575,1889.4935,S3_SR_Bounce
2020-11-09,long,sr_bounce,80.65125814112406,win,sl,23,0,8.65179539842854,1859.7185,S3_SR_Bounce
2020-11-10,short,sr_bounce,250.0,win,tp,8,1,4.502515649523741,1890.295,S3_SR_Bounce
2020-11-29,short,sr_bounce,136.100012608209,win,sl,23,6,3.559057098958935,1790.0449999999998,S3_SR_Bounce
2020-12-01,short,sr_bounce,-99.99999999999875,loss,sl,5,1,3.082437974440192,1784.5414999999998,S3_SR_Bounce
2020-12-02,short,sr_bounce,132.97976694794204,win,sl,0,2,3.0223187903665347,1813.9164999999998,S3_SR_Bounce
2020-12-07,short,sr_bounce,-99.99999999999726,loss,sl,10,0,2.952188463396932,1832.5700000000002,S3_SR_Bounce
2020-12-07,long,sr_bounce,131.1633648318729,win,sl,13,0,2.930825766908579,1830.51,S3_SR_Bounce
2020-12-08,long,sr_bounce,250.0,win,tp,11,1,2.976623520134477,1860.3525000000002,S3_SR_Bounce
2020-12-10,short,sr_bounce,250.0,win,tp,14,3,4.3038870893640055,1850.0900000000001,S3_SR_Bounce
2020-12-15,short,sr_bounce,-100.00000000000134,loss,sl,5,1,2.8927978932531073,1841.555,S3_SR_Bounce
2020-12-16,long,sr_bounce,250.0,win,tp,19,2,3.1153567051836664,1844.8799999999999,S3_SR_Bounce
2020-12-21,long,sr_bounce,-100.00000000000162,loss,sl,12,0,6.636603132737611,1877.4550000000002,S3_SR_Bounce
2020-12-23,long,sr_bounce,121.3582971201944,win,sl,12,2,2.6493834381604517,1858.9785,S3_SR_Bounce
2020-12-28,long,sr_bounce,126.41080063938364,win,sl,11,0,3.123895792837041,1869.575,S3_SR_Bounce
2020-12-31,long,sr_bounce,250.0,win,tp,6,3,2.083919810878111,1885.54,S3_SR_Bounce
2021-01-07,short,sr_bounce,97.98780679356963,win,sl,6,3,2.561458205715028,1927.73,S3_SR_Bounce
2021-01-12,short,sr_bounce,-100.00000000000189,loss,sl,20,1,3.6318607219981685,1855.574,S3_SR_Bounce
2021-01-13,short,sr_bounce,138.33056235610178,win,sl,1,2,2.700883088330256,1863.0835000000002,S3_SR_Bounce
2021-01-18,short,sr_bounce,122.42120682946566,win,sl,6,0,3.1997053226283154,1840.8735,S3_SR_Bounce
2021-01-19,short,sr_bounce,157.45329534240537,win,sl,5,1,1.7153423517832074,1840.8735,S3_SR_Bounce
2021-01-20,short,sr_bounce,250.0,win,tp,9,2,1.8113200748980685,1857.0065,S3_SR_Bounce
2021-01-28,short,sr_bounce,-100.00000000000297,loss,sl,14,3,3.5242478444093965,1861.8165000000001,S3_SR_Bounce
2021-02-02,long,sr_bounce,89.00006308183555,win,sl,14,1,4.870152657223596,1829.5565,S3_SR_Bounce
2021-02-09,short,sr_bounce,80.05246023711507,win,sl,18,1,2.832095230105756,1839.2050000000002,S3_SR_Bounce
2021-02-10,short,sr_bounce,-100.00000000000075,loss,sl,16,2,4.29768920380226,1839.2050000000002,S3_SR_Bounce
2021-02-11,long,sr_bounce,250.0,win,tp,3,3,1.8636115658195196,1834.1449999999998,S3_SR_Bounce
2021-02-23,long,sr_bounce,185.92065153037015,win,sl,14,1,3.4675891499662437,1795.6975,S3_SR_Bounce
2021-02-24,short,sr_bounce,136.35211741738223,win,sl,12,2,2.1221746893703606,1810.3325000000002,S3_SR_Bounce
2021-02-24,long,sr_bounce,-100.00000000000027,loss,sl,14,2,3.8941019396365744,1783.6375,S3_SR_Bounce
2021-03-01,short,sr_bounce,146.8123498275544,win,sl,7,0,2.450319801782797,1759.91,S3_SR_Bounce
2021-03-02,short,sr_bounce,130.90274828419118,win,sl,23,1,2.6444864376812487,1740.695,S3_SR_Bounce
2021-03-04,short,sr_bounce,125.31405562873583,win,sl,13,3,3.2704418141807223,1723.3004999999998,S3_SR_Bounce
2021-03-08,short,sr_bounce,-99.99999999999723,loss,sl,0,0,3.1015214704728757,1707.7775,S3_SR_Bounce
2021-03-09,short,sr_bounce,80.66910053216994,win,sl,12,1,2.7596128464652896,1707.7775,S3_SR_Bounce
2021-03-10,short,sr_bounce,152.4734066212331,win,sl,4,2,1.8727262447707065,1714.3450000000003,S3_SR_Bounce
2021-03-11,short,sr_bounce,105.74202359058586,win,sl,8,3,1.9716344875736826,1739.9055,S3_SR_Bounce
2021-03-11,long,sr_bounce,100.33472435832903,win,sl,15,3,4.03713337942944,1719.3184999999999,S3_SR_Bounce
2021-03-15,long,sr_bounce,88.94495349978905,win,sl,5,0,2.012098906999147,1721.6995000000002,S3_SR_Bounce
2021-03-15,short,sr_bounce,-100.00000000000406,loss,sl,13,0,2.6426105069196018,1734.122,S3_SR_Bounce
2021-03-16,short,sr_bounce,104.42828101390336,win,sl,1,1,1.5647904857236925,1734.122,S3_SR_Bounce
2021-03-16,long,sr_bounce,-100.00000000000477,loss,sl,7,1,1.8313722364829608,1726.2930000000001,S3_SR_Bounce
2021-03-17,short,sr_bounce,-100.00000000000388,loss,sl,2,2,1.698189128639958,1734.122,S3_SR_Bounce
2021-03-17,long,sr_bounce,167.68858215819736,win,sl,14,2,2.7456973998006013,1724.1299999999999,S3_SR_Bounce
2021-03-18,long,sr_bounce,-100.00000000000075,loss,sl,12,3,3.2096405082593025,1726.2930000000001,S3_SR_Bounce
2021-03-22,short,sr_bounce,-99.99999999999652,loss,sl,2,0,2.2215963276472257,1738.0330000000001,S3_SR_Bounce
2021-03-22,long,sr_bounce,-100.00000000000394,loss,sl,7,0,2.358863425558091,1728.578,S3_SR_Bounce
2021-03-23,long,sr_bounce,-100.00000000000186,loss,sl,18,1,2.4858071753157667,1727.4255,S3_SR_Bounce
2021-03-25,short,sr_bounce,163.45317057108036,win,sl,3,3,1.5868516528582748,1739.2354999999998,S3_SR_Bounce
2021-03-31,short,sr_bounce,123.70695473559472,win,sl,17,2,3.116239018824499,1715.38,S3_SR_Bounce
2021-04-01,long,sr_bounce,103.30369995338722,win,sl,0,3,1.7605965518131586,1705.805,S3_SR_Bounce
2021-04-01,short,sr_bounce,118.97991231187987,win,sl,5,3,1.737011902851338,1715.38,S3_SR_Bounce
2021-04-05,long,sr_bounce,196.79791822948934,win,sl,6,0,1.2409315174605022,1721.3464999999999,S3_SR_Bounce
2021-04-08,long,sr_bounce,107.67128762429437,win,sl,1,3,1.4241089339929864,1733.2385,S3_SR_Bounce
2021-04-12,short,sr_bounce,90.57108576008139,win,sl,1,0,1.4306383294019045,1743.2535000000003,S3_SR_Bounce
2021-04-12,long,sr_bounce,95.98557310988144,win,sl,14,0,2.4248895854086734,1731.3,S3_SR_Bounce
2021-04-13,short,sr_bounce,250.0,win,tp,2,1,1.4893037760273586,1736.4215000000002,S3_SR_Bounce
2021-04-14,long,sr_bounce,97.38155484460958,win,sl,14,2,2.688133792180008,1732.6535,S3_SR_Bounce
2021-04-14,short,sr_bounce,-100.000000000006,loss,sl,22,2,1.3171751234198503,1736.4215000000002,S3_SR_Bounce
2021-04-15,short,sr_bounce,-99.99999999999696,loss,sl,1,3,1.6920618631802942,1736.4215000000002,S3_SR_Bounce
2021-04-19,long,sr_bounce,96.87079091058585,win,sl,1,0,2.332857126606267,1773.2150000000001,S3_SR_Bounce
2021-04-20,long,sr_bounce,-99.99999999999993,loss,sl,3,1,2.1286806133236964,1773.2150000000001,S3_SR_Bounce
2021-04-26,long,sr_bounce,115.62297627599017,win,sl,12,0,2.4103124678373495,1768.8095,S3_SR_Bounce
2021-04-28,long,sr_bounce,-100.00000000000846,loss,sl,5,2,1.3273603418471125,1768.8095,S3_SR_Bounce
2021-04-29,long,sr_bounce,-99.99999999999638,loss,sl,10,3,1.8644081277291882,1773.7785,S3_SR_Bounce
2021-05-05,short,sr_bounce,-100.00000000000229,loss,sl,13,2,2.7911520448050666,1783.4164999999998,S3_SR_Bounce
2021-05-11,long,sr_bounce,83.10688465422092,win,sl,1,1,1.8224001088983617,1831.41,S3_SR_Bounce
2021-05-12,long,sr_bounce,-100.00000000000264,loss,sl,13,2,3.778487372157443,1831.41,S3_SR_Bounce
2021-05-13,long,sr_bounce,-99.99999999999997,loss,sl,2,3,2.3412857321438887,1818.0385,S3_SR_Bounce
2021-05-18,long,sr_bounce,100.07696181644015,win,sl,14,1,2.9305318638902578,1863.3015,S3_SR_Bounce
2021-05-20,long,sr_bounce,82.15871328861311,win,sl,0,3,2.6449198039326647,1863.3015,S3_SR_Bounce
2021-05-25,long,sr_bounce,250.0,win,tp,1,1,1.7902879046702684,1872.7645,S3_SR_Bounce
2021-05-26,long,sr_bounce,105.05747279484498,win,sl,17,2,3.0243185100877987,1890.7565000000002,S3_SR_Bounce
2021-05-27,long,sr_bounce,-100.00000000000003,loss,sl,13,3,3.2840610575319706,1890.7565000000002,S3_SR_Bounce
2021-06-01,long,sr_bounce,92.3896283064732,win,sl,14,1,3.6320821060609996,1892.4534999999998,S3_SR_Bounce
2021-06-03,long,sr_bounce,-100.00000000000118,loss,sl,8,3,1.9995420008824334,1892.4534999999998,S3_SR_Bounce
2021-06-07,long,sr_bounce,82.77272811320094,win,sl,7,0,1.7674935088181303,1881.575,S3_SR_Bounce
2021-06-09,long,sr_bounce,-100.00000000000004,loss,sl,14,2,2.87906394108404,1887.405,S3_SR_Bounce
2021-06-10,long,sr_bounce,-100.00000000000779,loss,sl,1,3,1.3662933750102937,1887.405,S3_SR_Bounce
2021-06-14,short,sr_bounce,88.63502073937876,win,sl,14,0,4.104636489854199,1869.9,S3_SR_Bounce
2021-06-15,short,sr_bounce,-99.99999999999427,loss,sl,6,1,1.9478423786157444,1869.2150000000001,S3_SR_Bounce
2021-06-22,short,sr_bounce,250.0,win,tp,3,1,1.7416455600782714,1790.2035,S3_SR_Bounce
2021-06-23,short,sr_bounce,156.04482785448715,win,sl,14,2,3.0732766918350367,1794.98,S3_SR_Bounce
2021-07-01,long,sr_bounce,88.9670015188263,win,sl,9,3,1.7989097774451808,1773.4685,S3_SR_Bounce
2021-07-01,short,sr_bounce,-99.9999999999987,loss,sl,13,3,2.4584927836033645,1782.865,S3_SR_Bounce
2021-07-05,long,sr_bounce,250.0,win,tp,0,0,1.5537603859126925,1784.545,S3_SR_Bounce
2021-07-05,short,sr_bounce,107.51502349714896,win,sl,8,0,1.927600275950692,1795.0949999999998,S3_SR_Bounce
2021-07-06,long,sr_bounce,84.85175281144825,win,sl,16,1,3.556217594081647,1790.145,S3_SR_Bounce
2021-07-07,short,sr_bounce,198.5344021000023,win,sl,12,2,2.0080960892138737,1809.8455000000001,S3_SR_Bounce
2021-07-08,long,sr_bounce,-99.99999999999919,loss,sl,6,3,1.6704670808201307,1797.0500000000002,S3_SR_Bounce
2021-07-15,long,sr_bounce,124.53008947114645,win,sl,14,3,2.640854334891701,1820.345,S3_SR_Bounce
2021-07-19,long,sr_bounce,104.72680108590824,win,sl,13,0,3.434056417131699,1809.0565000000001,S3_SR_Bounce
2021-07-19,short,sr_bounce,250.0,win,tp,14,0,3.436235171014652,1815.63,S3_SR_Bounce
2021-07-20,short,sr_bounce,90.6729270517514,win,sl,2,1,1.4322017897852046,1819.2450000000001,S3_SR_Bounce
2021-07-20,long,sr_bounce,87.46857942017702,win,sl,13,1,2.4751197623378953,1820.345,S3_SR_Bounce
2021-07-21,long,sr_bounce,-100.00000000000438,loss,sl,1,2,1.351934785243825,1805.17,S3_SR_Bounce
2021-07-21,short,sr_bounce,114.76934676654258,win,sl,6,2,1.655366552567145,1813.8349999999998,S3_SR_Bounce
2021-07-27,short,sr_bounce,83.72750182890847,win,sl,12,1,1.891252927126614,1805.2749999999999,S3_SR_Bounce
2021-07-28,short,sr_bounce,-100.00000000000087,loss,sl,18,2,2.943750466281901,1805.2749999999999,S3_SR_Bounce
2021-08-02,long,sr_bounce,-99.99999999999729,loss,sl,3,0,1.7418718115575775,1810.315,S3_SR_Bounce
2021-08-02,short,sr_bounce,-99.99999999999804,loss,sl,14,0,2.5037244195610167,1816.9715,S3_SR_Bounce
2021-08-03,long,sr_bounce,-100.00000000000699,loss,sl,2,1,1.2924014707636167,1810.315,S3_SR_Bounce
2021-08-04,long,sr_bounce,250.0,win,tp,1,2,0.8588591753801271,1810.315,S3_SR_Bounce
2021-08-05,long,sr_bounce,-100.00000000000388,loss,sl,16,3,2.46744981823203,1805.84,S3_SR_Bounce
2021-08-10,short,sr_bounce,81.51835877026267,win,sl,6,1,1.7569361712958107,1738.335,S3_SR_Bounce
2021-08-11,short,sr_bounce,-99.99999999999841,loss,sl,11,2,1.6152037667905264,1738.335,S3_SR_Bounce
2021-08-12,short,sr_bounce,108.36620454376174,win,sl,7,3,1.7689338404730046,1758.1915,S3_SR_Bounce
2021-08-12,long,sr_bounce,82.56061807707022,win,sl,13,3,2.7047840097506586,1741.6699999999998,S3_SR_Bounce
2021-08-16,long,sr_bounce,-99.99999999999658,loss,sl,11,0,1.7214623657997117,1770.9054999999998,S3_SR_Bounce
2021-08-17,long,sr_bounce,108.59049834050083,win,sl,1,1,1.260847780257833,1784.4665,S3_SR_Bounce
2021-08-18,long,sr_bounce,134.6708697533903,win,sl,15,2,2.5218858795511734,1777.385,S3_SR_Bounce
2021-08-19,long,sr_bounce,-100.00000000000237,loss,sl,2,3,1.5427551997952011,1780.64,S3_SR_Bounce
2021-08-22,long,sr_bounce,81.36426161818959,win,sl,23,6,1.413101334061098,1777.385,S3_SR_Bounce
2021-08-23,short,sr_bounce,91.65643792755898,win,sl,3,0,1.9102749850969605,1788.4679999999998,S3_SR_Bounce
2021-08-24,long,sr_bounce,101.2898091687843,win,sl,8,1,1.3896968306148187,1800.81,S3_SR_Bounce
2021-08-25,short,sr_bounce,250.0,win,tp,13,2,2.313184239251323,1797.8069999999998,S3_SR_Bounce
2021-08-25,long,sr_bounce,96.56579044088552,win,sl,14,2,3.47451582470367,1782.6250000000002,S3_SR_Bounce
2021-08-26,long,sr_bounce,-99.99999999999655,loss,sl,13,3,2.5701665904544804,1780.1165,S3_SR_Bounce
2021-08-30,long,sr_bounce,147.374794609511,win,sl,18,0,1.3609087632699997,1807.8,S3_SR_Bounce
2021-08-31,long,sr_bounce,-100.00000000000091,loss,sl,14,1,3.283937942171148,1807.8,S3_SR_Bounce
2021-09-02,long,sr_bounce,120.69089109305362,win,sl,16,3,2.4640475717489516,1807.8,S3_SR_Bounce
2021-09-07,long,sr_bounce,-99.99999999999908,loss,sl,4,1,1.0638131430678284,1821.469,S3_SR_Bounce
2021-09-13,short,sr_bounce,92.18025274117943,win,sl,14,0,2.4648159860757612,1798.373,S3_SR_Bounce
2021-09-14,short,sr_bounce,102.19489238624328,win,sl,17,1,2.9090355712384848,1803.942,S3_SR_Bounce
2021-09-19,short,sr_bounce,126.62560516050195,win,sl,22,6,1.8592580636186098,1755.292,S3_SR_Bounce
2021-09-20,short,sr_bounce,95.73241555940503,win,sl,14,0,3.1175309026663154,1767.5615,S3_SR_Bounce
2021-09-21,short,sr_bounce,-100.00000000000118,loss,sl,10,1,1.6273792258980202,1767.5615,S3_SR_Bounce
2021-09-22,short,sr_bounce,118.56256687696276,win,sl,6,2,1.4032315721318147,1780.3719999999998,S3_SR_Bounce
2021-09-23,short,sr_bounce,198.83674025887305,win,sl,0,3,2.4347175370495355,1767.2450000000001,S3_SR_Bounce
2021-09-27,short,sr_bounce,250.0,win,tp,2,0,1.584514717937299,1760.9155,S3_SR_Bounce
2021-09-28,short,sr_bounce,250.0,win,tp,2,1,1.26872737715883,1754.4979999999998,S3_SR_Bounce
2021-09-30,short,sr_bounce,117.2726159107709,win,sl,15,3,4.069367043294569,1764.2540000000001,S3_SR_Bounce
2021-10-03,short,sr_bounce,-100.00000000000415,loss,sl,23,6,1.563772879888737,1764.2540000000001,S3_SR_Bounce
2021-10-04,short,sr_bounce,250.0,win,tp,0,0,1.598272465327929,1765.7350000000001,S3_SR_Bounce
2021-10-04,long,sr_bounce,-99.9999999999976,loss,sl,13,0,2.679503904331178,1747.7915,S3_SR_Bounce
2021-10-12,short,sr_bounce,-99.99999999999858,loss,sl,5,1,1.2643159368933719,1760.22,S3_SR_Bounce
2021-10-13,short,sr_bounce,-100.00000000000226,loss,sl,0,2,1.121998366404998,1761.0565000000001,S3_SR_Bounce
2021-10-14,long,sr_bounce,119.66495269613348,win,sl,2,3,1.4978240118552186,1786.762,S3_SR_Bounce
2021-10-17,short,sr_bounce,96.10815657674829,win,sl,23,6,1.7015879564086447,1772.1350000000002,S3_SR_Bounce
2021-10-18,short,sr_bounce,102.07110565651467,win,sl,2,0,1.629465744848085,1772.1350000000002,S3_SR_Bounce
2021-10-18,long,sr_bounce,-99.99999999999817,loss,sl,16,0,2.5410833185062995,1764.88,S3_SR_Bounce
2021-10-19,short,sr_bounce,85.8625682343266,win,sl,17,1,2.3978535019093967,1771.2900000000002,S3_SR_Bounce
2021-10-26,long,sr_bounce,186.78752252450528,win,sl,14,1,3.2316592722634514,1782.94,S3_SR_Bounce
2021-10-27,long,sr_bounce,88.83889227941594,win,sl,8,2,1.7983700100238593,1783.528,S3_SR_Bounce
2021-11-01,short,sr_bounce,80.71765894240353,win,sl,14,0,2.79577986316838,1795.8850000000002,S3_SR_Bounce
2021-11-02,long,sr_bounce,113.93227918565361,win,sl,6,1,1.2284622887442391,1792.362,S3_SR_Bounce
2021-11-04,short,sr_bounce,148.2114626498646,win,sl,14,3,2.8404221107113123,1798.9879999999998,S3_SR_Bounce
2021-11-21,long,sr_bounce,122.83512366874719,win,sl,23,6,2.6179855451039415,1838.8169999999998,S3_SR_Bounce
2021-11-22,short,sr_bounce,115.4310605948003,win,sl,4,0,1.7950080179102759,1849.153,S3_SR_Bounce
2021-11-22,long,sr_bounce,139.5954511992286,win,sl,20,0,3.3909544809374648,1802.323,S3_SR_Bounce
2021-11-25,short,sr_bounce,196.14482337982017,win,sl,8,3,1.1065243618732916,1795.1685000000002,S3_SR_Bounce
2021-11-29,short,sr_bounce,-99.99999999999936,loss,sl,0,0,4.378535613902641,1795.1685000000002,S3_SR_Bounce
2021-11-30,short,sr_bounce,132.87118525460528,win,sl,6,1,1.8762525375313255,1795.1685000000002,S3_SR_Bounce
2021-12-06,short,sr_bounce,134.8862689347609,win,sl,2,0,1.94068980982503,1787.7485,S3_SR_Bounce
2021-12-06,long,sr_bounce,87.4689186003893,win,sl,14,0,2.294677033520396,1775.774,S3_SR_Bounce
2021-12-07,short,sr_bounce,250.0,win,tp,12,1,1.5847995580560224,1785.0684999999999,S3_SR_Bounce
2021-12-08,short,sr_bounce,-100.00000000000398,loss,sl,1,2,1.242966567606523,1787.7485,S3_SR_Bounce
2021-12-08,long,sr_bounce,-99.99999999999832,loss,sl,14,2,2.487439089046389,1779.635,S3_SR_Bounce
2021-12-09,short,sr_bounce,104.40270389175039,win,sl,1,3,1.2949896017195057,1785.0684999999999,S3_SR_Bounce
2021-12-13,short,sr_bounce,140.45482084200148,win,sl,2,0,1.253222268847131,1787.67,S3_SR_Bounce
2021-12-13,long,sr_bounce,202.07274560012124,win,sl,13,0,1.786239912833002,1781.8515000000002,S3_SR_Bounce
2021-12-14,short,sr_bounce,163.99627065106068,win,sl,2,1,1.1987964251479908,1789.53,S3_SR_Bounce
2021-12-20,long,sr_bounce,-100.00000000000652,loss,sl,13,0,1.6262988015238382,1795.8615000000002,S3_SR_Bounce
2021-12-21,long,sr_bounce,136.0004202639065,win,sl,12,1,1.3124968659371083,1795.8615000000002,S3_SR_Bounce
2021-12-22,short,sr_bounce,-99.9999999999964,loss,sl,18,2,1.6877849215323446,1800.5800000000002,S3_SR_Bounce
2021-12-29,long,sr_bounce,-99.99999999999187,loss,sl,9,2,1.1771157588039889,1803.0449999999998,S3_SR_Bounce
2021-12-30,long,sr_bounce,-99.99999999999572,loss,sl,2,3,1.340829772879545,1803.0449999999998,S3_SR_Bounce
2022-01-03,long,sr_bounce,89.48400732236551,win,sl,16,0,3.191899977045638,1798.3574999999998,S3_SR_Bounce
2022-01-05,long,sr_bounce,250.0,win,tp,7,2,1.24191227712898,1812.557,S3_SR_Bounce
2022-01-06,long,sr_bounce,-99.9999999999979,loss,sl,12,3,2.4450621944843594,1798.3574999999998,S3_SR_Bounce
2022-01-11,short,sr_bounce,136.63481650815345,win,sl,21,1,1.6822844208988945,1823.3315,S3_SR_Bounce
2022-01-12,long,sr_bounce,-100.00000000000475,loss,sl,8,2,1.4368132122889845,1814.75,S3_SR_Bounce
2022-01-17,long,sr_bounce,-100.00000000000469,loss,sl,0,0,1.4956459138951896,1814.75,S3_SR_Bounce
2022-01-18,short,sr_bounce,250.0,win,tp,3,1,0.8723581947168518,1822.823,S3_SR_Bounce
2022-01-18,long,sr_bounce,-100.00000000000277,loss,sl,8,1,1.7300626899183928,1814.7200000000003,S3_SR_Bounce
2022-01-19,long,sr_bounce,-99.99999999999977,loss,sl,0,2,1.502847128534771,1813.193,S3_SR_Bounce
2022-01-24,long,sr_bounce,100.45279857366786,win,sl,2,0,1.7251347246946631,1835.9850000000001,S3_SR_Bounce
2022-01-25,long,sr_bounce,98.8044252419696,win,sl,10,1,1.6699755760374162,1834.9799999999998,S3_SR_Bounce
2022-01-26,long,sr_bounce,-99.99999999999761,loss,sl,15,2,2.8855527904389198,1834.9799999999998,S3_SR_Bounce
2022-01-31,short,sr_bounce,140.66582130283177,win,sl,14,0,2.384789756540751,1799.4585000000002,S3_SR_Bounce
2022-02-01,short,sr_bounce,133.5732015490373,win,sl,13,1,1.8003931321835978,1808.8149999999998,S3_SR_Bounce
2022-02-02,short,sr_bounce,80.66083306404572,win,sl,2,2,1.0620679200182241,1799.4585000000002,S3_SR_Bounce
2022-02-03,short,sr_bounce,157.51501597353146,win,sl,2,3,1.090296851297912,1808.8149999999998,S3_SR_Bounce
2022-02-07,short,sr_bounce,117.48293085315811,win,sl,1,0,1.9598949443468956,1814.9650000000001,S3_SR_Bounce
2022-02-09,long,sr_bounce,86.54295514982529,win,sl,14,2,1.8886867286846227,1824.72,S3_SR_Bounce
2022-02-10,long,sr_bounce,-100.00000000000311,loss,sl,13,3,2.1766423779301256,1821.6879999999999,S3_SR_Bounce
2022-02-14,long,sr_bounce,86.8597724416815,win,sl,7,0,1.8658397019336868,1850.8700000000001,S3_SR_Bounce
2022-02-15,long,sr_bounce,-100.00000000000024,loss,sl,11,1,2.905712738516506,1850.8700000000001,S3_SR_Bounce
2022-02-16,long,sr_bounce,165.48268285526856,win,sl,13,2,1.669240420817185,1851.465,S3_SR_Bounce
2022-02-22,long,sr_bounce,150.72130966970826,win,sl,11,1,3.3058707550399005,1891.435,S3_SR_Bounce
2022-02-23,long,sr_bounce,89.09420301686566,win,sl,9,2,2.031462249050278,1889.695,S3_SR_Bounce
2022-02-24,long,sr_bounce,192.26303394493857,win,sl,19,3,8.587246821519056,1878.195,S3_SR_Bounce
2022-02-27,short,sr_bounce,120.63082596509776,win,sl,23,6,5.475287789350556,1931.675,S3_SR_Bounce
2022-02-28,long,sr_bounce,-99.99999999999997,loss,sl,7,0,3.973184171333515,1893.415,S3_SR_Bounce
2022-03-03,long,sr_bounce,106.26816528891503,win,sl,16,3,4.057957511312168,1923.3899999999999,S3_SR_Bounce
2022-03-09,long,sr_bounce,-99.99999999999945,loss,sl,14,2,8.27099708783867,1976.275,S3_SR_Bounce
2022-03-10,long,sr_bounce,150.08441569611014,win,sl,1,3,5.249246743063796,1970.6299999999999,S3_SR_Bounce
2022-03-13,short,sr_bounce,140.95899959712037,win,sl,22,6,4.622594078561226,1990.4554999999998,S3_SR_Bounce
2022-03-13,long,sr_bounce,175.49676198946344,win,sl,22,6,5.013068363657366,1970.6299999999999,S3_SR_Bounce
2022-03-14,long,sr_bounce,95.36930640015257,win,sl,2,0,3.662573246363474,1970.6299999999999,S3_SR_Bounce
2022-03-15,long,sr_bounce,96.96373013740252,win,sl,14,1,5.729619069316774,1907.115,S3_SR_Bounce
2022-03-17,short,sr_bounce,93.5334454738049,win,sl,15,3,4.266721329464525,1949.85,S3_SR_Bounce
2022-03-21,short,sr_bounce,-99.99999999999658,loss,sl,18,0,3.2655939000634344,1940.9025,S3_SR_Bounce
2022-03-22,long,sr_bounce,-100.00000000000118,loss,sl,10,1,2.4752519693522284,1926.8149999999998,S3_SR_Bounce
2022-03-23,short,sr_bounce,-99.99999999999837,loss,sl,17,2,2.8766176265101437,1938.4599999999998,S3_SR_Bounce
2022-03-24,long,sr_bounce,250.0,win,tp,9,3,2.1822224735078617,1937.4975,S3_SR_Bounce
2022-03-28,long,sr_bounce,-100.00000000000242,loss,sl,4,0,2.505521441411414,1943.225,S3_SR_Bounce
2022-03-30,short,sr_bounce,84.18859700720486,win,sl,15,2,3.7020307103824743,1938.6119999999999,S3_SR_Bounce
2022-03-31,short,sr_bounce,153.07937819129472,win,sl,20,3,2.3345320677042043,1938.6119999999999,S3_SR_Bounce
2022-04-04,short,sr_bounce,195.79974813901592,win,sl,13,0,3.041775937678774,1937.0,S3_SR_Bounce
2022-04-05,short,sr_bounce,-100.00000000000051,loss,sl,13,1,2.588716472738711,1937.0,S3_SR_Bounce
2022-04-07,short,sr_bounce,-100.00000000000054,loss,sl,14,3,3.0094004476531904,1933.575,S3_SR_Bounce
2022-04-12,long,sr_bounce,-100.00000000000504,loss,sl,9,1,2.134745590572158,1949.7599999999998,S3_SR_Bounce
2022-04-14,long,sr_bounce,85.73326803917706,win,sl,15,3,4.1250021421410725,1962.905,S3_SR_Bounce
2022-04-20,short,sr_bounce,99.52726200595963,win,sl,20,2,2.10926521289737,1958.4399999999998,S3_SR_Bounce
2022-04-21,long,sr_bounce,250.0,win,tp,11,3,2.9863755326574655,1936.8095,S3_SR_Bounce
2022-04-21,short,sr_bounce,100.9825610746135,win,sl,19,3,3.4295021761176767,1954.0500000000002,S3_SR_Bounce
2022-04-27,short,sr_bounce,250.0,win,tp,12,2,3.407915700486932,1907.011,S3_SR_Bounce
2022-05-05,short,sr_bounce,186.4776164406874,win,sl,1,3,3.4493474996658873,1903.455,S3_SR_Bounce
2022-05-10,short,sr_bounce,144.44911028970617,win,sl,4,1,2.160487515359088,1865.4900000000002,S3_SR_Bounce
2022-05-11,short,sr_bounce,104.04515165091107,win,sl,13,2,4.828347167737852,1858.21,S3_SR_Bounce
2022-05-12,short,sr_bounce,200.94001881217403,win,sl,2,3,2.0361914239842935,1858.21,S3_SR_Bounce
2022-05-16,short,sr_bounce,168.54863765963742,win,sl,1,0,2.2896337533468882,1817.68,S3_SR_Bounce
2022-05-17,short,sr_bounce,142.05235407136826,win,sl,2,1,2.253472645781627,1828.835,S3_SR_Bounce
2022-05-18,short,sr_bounce,86.4975447169896,win,sl,1,2,1.7767143267709706,1817.68,S3_SR_Bounce
2022-05-19,short,sr_bounce,122.50575596143169,win,sl,4,3,1.4904087462447346,1817.68,S3_SR_Bounce
2022-05-22,short,sr_bounce,-100.00000000000007,loss,sl,23,6,2.5436856103833616,1849.18,S3_SR_Bounce
2022-05-23,short,sr_bounce,100.17253043678092,win,sl,10,0,2.3863448776853136,1865.4955,S3_SR_Bounce
2022-05-23,long,sr_bounce,153.08469611765037,win,sl,17,0,2.418368774889673,1847.0725000000002,S3_SR_Bounce
2022-05-25,long,sr_bounce,-100.00000000000173,loss,sl,14,2,2.8293012206795045,1847.0725000000002,S3_SR_Bounce
2022-05-30,short,sr_bounce,-99.99999999999734,loss,sl,6,0,1.6718845309060715,1864.0375,S3_SR_Bounce
2022-06-01,short,sr_bounce,82.3167348297535,win,sl,16,2,3.047824980930558,1850.0475000000001,S3_SR_Bounce
2022-06-02,long,sr_bounce,87.62422362985892,win,sl,2,3,1.3904100252525675,1844.125,S3_SR_Bounce
2022-06-02,short,sr_bounce,-99.99999999999707,loss,sl,10,3,1.621770986552567,1857.1970000000001,S3_SR_Bounce
2022-06-07,short,sr_bounce,99.5692639444778,win,sl,19,1,2.1064809807762406,1855.6170000000002,S3_SR_Bounce
2022-06-08,long,sr_bounce,-100.000000000004,loss,sl,8,2,1.5590006727713277,1847.4074999999998,S3_SR_Bounce
2022-06-09,long,sr_bounce,100.15332539718015,win,sl,14,3,3.0306095042435706,1840.0670000000002,S3_SR_Bounce
2022-06-13,long,sr_bounce,-99.99999999999744,loss,sl,13,0,3.472993354669004,1840.0670000000002,S3_SR_Bounce
2022-06-14,short,sr_bounce,128.8809020816007,win,sl,7,1,2.334485398529395,1831.72,S3_SR_Bounce
2022-06-16,short,sr_bounce,80.74687347998037,win,sl,1,3,2.908563922843732,1831.72,S3_SR_Bounce
2022-06-20,long,sr_bounce,-100.00000000000169,loss,sl,5,0,2.0758576912866933,1841.7359999999999,S3_SR_Bounce
2022-06-20,short,sr_bounce,-99.99999999999918,loss,sl,7,0,2.217176938173925,1842.07,S3_SR_Bounce
2022-06-21,short,sr_bounce,168.95610816059497,win,sl,2,1,1.4656187976311978,1842.49,S3_SR_Bounce
2022-06-21,long,sr_bounce,-99.99999999999896,loss,sl,5,1,1.4363462607443729,1833.8754999999999,S3_SR_Bounce
2022-06-22,short,sr_bounce,116.70951697542193,win,sl,13,2,3.837035628757098,1847.8854999999999,S3_SR_Bounce
2022-06-23,long,sr_bounce,-100.00000000000553,loss,sl,0,3,1.3969681174543576,1835.58,S3_SR_Bounce
2022-06-23,short,sr_bounce,99.33902791721978,win,sl,14,3,2.9894711210953306,1843.694,S3_SR_Bounce
2022-06-27,short,sr_bounce,111.0890413330381,win,sl,7,0,1.7999319977187185,1841.115,S3_SR_Bounce
2022-06-30,short,sr_bounce,147.74785543200258,win,sl,13,3,4.419757541787293,1822.0800000000002,S3_SR_Bounce
2022-07-04,short,sr_bounce,-100.00000000000433,loss,sl,2,0,2.2894356476127915,1814.3450000000003,S3_SR_Bounce
2022-07-05,short,sr_bounce,164.35727601943375,win,sl,4,1,1.280111014863694,1812.255,S3_SR_Bounce
2022-07-06,short,sr_bounce,114.23614138272755,win,sl,1,2,1.8231783904797123,1772.9379999999999,S3_SR_Bounce
2022-07-07,short,sr_bounce,130.76397077438156,win,sl,14,3,2.863016113896347,1749.145,S3_SR_Bounce
2022-07-10,short,sr_bounce,144.48898296970282,win,sl,22,6,1.750782051051002,1744.66,S3_SR_Bounce
2022-07-12,short,sr_bounce,-100.00000000000114,loss,sl,1,1,3.1401477926669585,1744.66,S3_SR_Bounce
2022-07-18,short,sr_bounce,-100.0000000000052,loss,sl,2,0,1.7983821997496736,1714.111,S3_SR_Bounce
2022-07-19,short,sr_bounce,193.13518007253754,win,sl,11,1,1.7078074612166958,1718.4885000000002,S3_SR_Bounce
2022-07-21,short,sr_bounce,-100.00000000000043,loss,sl,15,3,5.174422513451624,1718.4885000000002,S3_SR_Bounce
2022-07-25,long,sr_bounce,109.16095263595327,win,sl,15,0,2.5857973764846474,1714.8145,S3_SR_Bounce
2022-07-26,short,sr_bounce,89.25017430740174,win,sl,1,1,1.7005779773824055,1728.2800000000002,S3_SR_Bounce
2022-07-27,long,sr_bounce,177.2738383057267,win,sl,13,2,2.4471422981531012,1711.4995000000001,S3_SR_Bounce
2022-07-27,short,sr_bounce,-100.00000000000134,loss,sl,20,2,3.7195908905950508,1736.334,S3_SR_Bounce
2022-08-02,long,sr_bounce,86.14790924974695,win,sl,7,1,2.040461879478181,1768.9744999999998,S3_SR_Bounce
2022-08-03,long,sr_bounce,-100.00000000000465,loss,sl,5,2,2.022131259604882,1768.9744999999998,S3_SR_Bounce
2022-08-04,long,sr_bounce,149.84860505744052,win,sl,6,3,1.6028561279548477,1768.9744999999998,S3_SR_Bounce
2022-08-07,long,sr_bounce,-100.00000000000387,loss,sl,22,6,2.18008228366594,1770.9499999999998,S3_SR_Bounce
2022-08-08,short,sr_bounce,-100.00000000000739,loss,sl,3,0,1.5130387683733506,1772.8380000000002,S3_SR_Bounce
2022-08-08,long,sr_bounce,250.0,win,tp,5,0,1.3376711761705464,1770.9499999999998,S3_SR_Bounce
2022-08-11,long,sr_bounce,119.82263784281643,win,sl,5,3,1.4747597911117565,1783.25,S3_SR_Bounce
2022-08-15,long,sr_bounce,-99.99999999999426,loss,sl,7,0,1.4013877339085306,1787.6435000000001,S3_SR_Bounce
2022-08-16,long,sr_bounce,-100.00000000000146,loss,sl,12,1,2.2543848350976203,1771.502,S3_SR_Bounce
2022-08-17,long,sr_bounce,-99.99999999999906,loss,sl,9,2,1.5840100204088834,1773.022,S3_SR_Bounce
2022-08-18,short,sr_bounce,114.73557556806526,win,sl,11,3,1.5691284897390214,1772.4599999999998,S3_SR_Bounce
2022-08-22,short,sr_bounce,168.22643644152762,win,sl,3,0,1.434976293626943,1749.1499999999999,S3_SR_Bounce
2022-08-23,short,sr_bounce,93.95341747222616,win,sl,15,1,3.3444462146169274,1754.1705,S3_SR_Bounce
2022-08-24,short,sr_bounce,122.84178356565813,win,sl,15,2,2.7585057726836135,1755.9685000000002,S3_SR_Bounce
2022-08-25,short,sr_bounce,-100.00000000000585,loss,sl,8,3,1.6085044307514147,1765.54,S3_SR_Bounce
2022-09-04,long,sr_bounce,-100.00000000000095,loss,sl,22,6,1.823968319911256,1709.705,S3_SR_Bounce
2022-09-05,short,sr_bounce,93.02422857131619,win,sl,10,0,1.6707482718523137,1715.8169999999998,S3_SR_Bounce
2022-09-06,short,sr_bounce,108.99626663858525,win,sl,3,1,1.6460143970916539,1718.055,S3_SR_Bounce
2022-09-14,short,sr_bounce,88.72046124826498,win,sl,13,2,2.384624767681454,1707.16,S3_SR_Bounce
2022-09-21,short,sr_bounce,250.0,win,tp,19,2,5.382591023213255,1688.1250000000002,S3_SR_Bounce
2022-09-27,short,sr_bounce,136.93945721347745,win,sl,11,1,2.3796275100583553,1642.4965,S3_SR_Bounce
2022-09-28,short,sr_bounce,167.84070577663033,win,sl,17,2,3.870752829643554,1662.7645000000002,S3_SR_Bounce
2022-09-29,long,sr_bounce,116.63604001714414,win,sl,6,3,2.29161819949436,1641.5765000000001,S3_SR_Bounce
2022-09-29,short,sr_bounce,-99.9999999999964,loss,sl,9,3,2.5590539099112912,1649.848,S3_SR_Bounce
2022-10-03,short,sr_bounce,-100.00000000000261,loss,sl,12,0,2.570418186470466,1669.5635,S3_SR_Bounce
2022-10-05,long,sr_bounce,104.88413391095224,win,sl,14,2,3.9914653481342377,1700.6219999999998,S3_SR_Bounce
2022-10-10,long,sr_bounce,96.90240501069334,win,sl,15,0,3.6131578547606127,1665.7050000000002,S3_SR_Bounce
2022-10-11,short,sr_bounce,250.0,win,tp,1,1,1.5353181351991574,1673.6715,S3_SR_Bounce
2022-10-12,short,sr_bounce,133.68641173504628,win,sl,22,2,2.0798978825762657,1673.6715,S3_SR_Bounce
2022-10-13,short,sr_bounce,113.07540115874102,win,sl,0,3,1.5237588680765,1675.4115,S3_SR_Bounce
2022-10-17,short,sr_bounce,101.83269105062067,win,sl,12,0,2.6238661710732836,1668.47,S3_SR_Bounce
2022-10-24,long,sr_bounce,98.60267254768188,win,sl,14,0,3.5280704982925863,1643.9495000000002,S3_SR_Bounce
2022-10-25,short,sr_bounce,250.0,win,tp,1,1,1.472480505746197,1655.02,S3_SR_Bounce
2022-10-26,short,sr_bounce,123.51789809160508,win,sl,9,2,2.2963847039522625,1674.9199999999998,S3_SR_Bounce
2022-10-27,long,sr_bounce,-99.99999999999575,loss,sl,12,3,2.5374790448469127,1654.8850000000002,S3_SR_Bounce
2022-11-01,short,sr_bounce,-99.99999999999946,loss,sl,15,1,2.98354382164918,1645.68,S3_SR_Bounce
2022-11-02,short,sr_bounce,-100.00000000000257,loss,sl,10,2,1.6702772206601393,1657.06,S3_SR_Bounce
2022-11-15,long,sr_bounce,83.76865083840508,win,sl,17,1,3.501694468382402,1768.0800000000002,S3_SR_Bounce
2022-11-16,long,sr_bounce,114.41526258142278,win,sl,18,2,2.4443827228606745,1770.38,S3_SR_Bounce
2022-11-17,long,sr_bounce,80.4019927566917,win,sl,14,3,3.3720372122113096,1754.4850000000001,S3_SR_Bounce
2022-11-22,long,sr_bounce,-99.9999999999983,loss,sl,12,1,1.786097797444912,1747.5345,S3_SR_Bounce
2022-11-23,long,sr_bounce,101.25492653393823,win,sl,13,2,2.6091125388920773,1728.2920000000001,S3_SR_Bounce
2022-11-28,long,sr_bounce,155.27976622464274,win,sl,1,0,1.9331239856448756,1746.055,S3_SR_Bounce
2022-12-04,long,sr_bounce,131.10623976673668,win,sl,23,6,1.9955438239161525,1795.615,S3_SR_Bounce
2022-12-05,long,sr_bounce,-99.99999999999865,loss,sl,9,0,2.036795197328984,1795.615,S3_SR_Bounce
2022-12-06,long,sr_bounce,-100.00000000000469,loss,sl,12,1,2.018034052218487,1778.615,S3_SR_Bounce
2022-12-06,short,sr_bounce,87.35166669634513,win,sl,12,1,2.018034052218487,1780.885,S3_SR_Bounce
2022-12-07,short,sr_bounce,-100.00000000000304,loss,sl,14,2,2.239678211492151,1780.885,S3_SR_Bounce
2022-12-07,long,sr_bounce,-99.9999999999981,loss,sl,15,2,3.407846174098105,1778.615,S3_SR_Bounce
2022-12-13,short,sr_bounce,-99.99999999999685,loss,sl,13,1,2.1381455625183428,1794.91,S3_SR_Bounce
2022-12-15,long,sr_bounce,-100.00000000000307,loss,sl,11,3,2.804598834949871,1777.6109999999999,S3_SR_Bounce
2022-12-22,long,sr_bounce,250.0,win,tp,18,3,2.7327881205042464,1784.8700000000001,S3_SR_Bounce
2022-12-27,long,sr_bounce,-99.9999999999987,loss,sl,20,1,2.74483759607282,1812.9015,S3_SR_Bounce
2022-12-28,long,sr_bounce,97.78750037752536,win,sl,11,2,2.0694910584681887,1802.395,S3_SR_Bounce
2022-12-29,long,sr_bounce,98.65951791532775,win,sl,10,3,1.6226798086621201,1804.4235,S3_SR_Bounce
2023-01-03,long,sr_bounce,169.84010487157835,win,sl,16,1,4.207965872588498,1827.6685,S3_SR_Bounce
2023-01-04,long,sr_bounce,86.45151820388763,win,sl,19,2,3.4973878232677067,1847.1315,S3_SR_Bounce
2023-01-05,long,sr_bounce,-100.00000000000094,loss,sl,9,3,2.5517308309560796,1847.1315,S3_SR_Bounce
2023-01-10,long,sr_bounce,95.0843092177779,win,sl,12,1,2.0405774852476166,1870.4615000000001,S3_SR_Bounce
2023-01-11,long,sr_bounce,131.63297349767834,win,sl,16,2,2.7209223873658264,1867.925,S3_SR_Bounce
2023-01-12,long,sr_bounce,250.0,win,tp,13,3,3.573553682306367,1873.7514999999999,S3_SR_Bounce
2023-01-16,long,sr_bounce,127.69256743168063,win,sl,8,0,2.234147915664836,1910.845,S3_SR_Bounce
2023-01-17,long,sr_bounce,-100.00000000000165,loss,sl,16,1,2.8584336049206724,1910.845,S3_SR_Bounce
2023-01-18,long,sr_bounce,250.0,win,tp,5,2,2.037379968066033,1896.6650000000002,S3_SR_Bounce
2023-01-23,long,sr_bounce,-100.00000000000209,loss,sl,7,0,1.8576076951050775,1920.655,S3_SR_Bounce
2023-01-25,short,sr_bounce,83.6143516027675,win,sl,15,2,3.302610050586238,1939.7015,S3_SR_Bounce
2023-01-26,long,sr_bounce,129.28370943821508,win,sl,16,3,4.2473076847505045,1919.876,S3_SR_Bounce
2023-01-30,short,sr_bounce,80.38385730617063,win,sl,4,0,2.0945499308822892,1934.9,S3_SR_Bounce
2023-01-30,long,sr_bounce,82.66986251491038,win,sl,8,0,2.2947771704380835,1920.7435,S3_SR_Bounce
2023-01-31,long,sr_bounce,-99.9999999999944,loss,sl,4,1,1.5594575803857842,1918.8195,S3_SR_Bounce
2023-02-01,long,sr_bounce,-100.00000000000307,loss,sl,19,2,3.0534112998185696,1920.7435,S3_SR_Bounce
2023-02-06,short,sr_bounce,-99.99999999999655,loss,sl,8,0,2.3283626493908636,1881.3955,S3_SR_Bounce
2023-02-08,short,sr_bounce,-99.99999999999898,loss,sl,8,2,2.7001380666829666,1884.5655000000002,S3_SR_Bounce
2023-02-09,short,sr_bounce,-100.0000000000032,loss,sl,5,3,1.384934766563175,1881.3955,S3_SR_Bounce
2023-02-14,short,sr_bounce,-99.99999999999912,loss,sl,13,1,3.6732075058296556,1870.71,S3_SR_Bounce
2023-02-15,short,sr_bounce,250.0,win,tp,2,2,2.088745393797361,1860.1735,S3_SR_Bounce
2023-02-16,short,sr_bounce,114.86920198696583,win,sl,18,3,3.419014195247055,1845.3115,S3_SR_Bounce
2023-02-20,short,sr_bounce,-100.00000000000473,loss,sl,2,0,1.8561735652430373,1843.6699999999998,S3_SR_Bounce
2023-02-21,short,sr_bounce,-99.99999999999642,loss,sl,0,1,1.1519024976435461,1843.6699999999998,S3_SR_Bounce
2023-02-21,long,sr_bounce,-100.00000000000657,loss,sl,3,1,1.5148437470824232,1837.34,S3_SR_Bounce
2023-02-22,short,sr_bounce,112.71236052096091,win,sl,12,2,2.4163073554832732,1846.06,S3_SR_Bounce
2023-02-23,short,sr_bounce,135.6694658996214,win,sl,7,3,1.6989292844467638,1833.885,S3_SR_Bounce
2023-02-27,short,sr_bounce,89.35362632636387,win,sl,0,0,1.5202511563444203,1814.2150000000001,S3_SR_Bounce
2023-02-28,short,sr_bounce,-99.99999999999977,loss,sl,5,1,1.2150187184906855,1814.2150000000001,S3_SR_Bounce
2023-03-01,short,sr_bounce,250.0,win,tp,14,2,2.717168701502193,1844.7600000000002,S3_SR_Bounce
2023-03-02,long,sr_bounce,86.89497862779577,win,sl,13,3,2.3038736690875856,1830.045,S3_SR_Bounce
2023-03-02,short,sr_bounce,124.36093223428983,win,sl,15,3,2.6505690499429635,1839.03,S3_SR_Bounce
2023-03-08,short,sr_bounce,126.74176220810935,win,sl,15,2,2.7947407645746,1824.335,S3_SR_Bounce
2023-03-09,short,sr_bounce,202.4266343806046,win,sl,15,3,2.5966618792044764,1835.7299999999998,S3_SR_Bounce
2023-03-13,long,sr_bounce,111.05171367574968,win,sl,7,0,3.2303506403602276,1871.5065,S3_SR_Bounce
2023-03-20,long,sr_bounce,105.07188620498633,win,sl,15,0,5.8419313498307455,1968.1965000000002,S3_SR_Bounce
2023-03-21,long,sr_bounce,-99.9999999999964,loss,sl,9,1,3.0604419206064186,1965.9165000000003,S3_SR_Bounce
2023-03-22,short,sr_bounce,250.0,win,tp,18,2,5.941877759879417,1978.8785,S3_SR_Bounce
2023-03-22,long,sr_bounce,83.82963474393125,win,sl,23,2,4.543742708791209,1965.9165000000003,S3_SR_Bounce
2023-03-23,long,sr_bounce,129.3325173596614,win,sl,1,3,3.853365025065588,1968.1965000000002,S3_SR_Bounce
2023-03-27,long,sr_bounce,93.70157137451206,win,sl,6,0,2.328319680911065,1966.6450000000002,S3_SR_Bounce
2023-03-28,short,sr_bounce,85.18263707854032,win,sl,1,1,1.8265312613328328,1964.1185,S3_SR_Bounce
2023-03-28,long,sr_bounce,-99.99999999999733,loss,sl,15,1,3.312348913329376,1966.6450000000002,S3_SR_Bounce
2023-03-29,short,sr_bounce,-99.99999999999825,loss,sl,8,2,2.0921902347932155,1964.1185,S3_SR_Bounce
2023-04-09,short,sr_bounce,167.59847698073227,win,sl,23,6,3.91573200257845,2006.6355,S3_SR_Bounce
2023-04-10,long,sr_bounce,86.3764220752581,win,sl,14,0,3.6964964850943485,1981.7350000000001,S3_SR_Bounce
2023-04-11,long,sr_bounce,133.89868363626587,win,sl,13,1,2.1337136787999103,1995.6734999999999,S3_SR_Bounce
2023-04-12,long,sr_bounce,-99.99999999999987,loss,sl,13,2,4.6163786493546075,2001.397,S3_SR_Bounce
2023-04-17,long,sr_bounce,-100.00000000000134,loss,sl,0,0,2.3311850466656923,2001.397,S3_SR_Bounce
2023-04-17,short,sr_bounce,88.83216327605422,win,sl,7,0,2.327834854075693,2015.0549999999998,S3_SR_Bounce
2023-04-18,long,sr_bounce,132.06529482505076,win,sl,1,1,1.5177377882363472,1995.4484999999997,S3_SR_Bounce
2023-04-19,long,sr_bounce,250.0,win,tp,11,2,3.027078676735502,1969.3235000000002,S3_SR_Bounce
2023-04-20,long,sr_bounce,-99.99999999999976,loss,sl,2,3,1.888038224492907,1995.4484999999997,S3_SR_Bounce
2023-04-23,short,sr_bounce,131.57921220104816,win,sl,23,6,1.9032025838734725,1985.4465,S3_SR_Bounce
2023-04-24,short,sr_bounce,96.39414045136246,win,sl,10,0,2.1822784982919767,1985.4465,S3_SR_Bounce
2023-04-24,long,sr_bounce,112.68443269973287,win,sl,13,0,2.6381209457819046,1974.1499999999999,S3_SR_Bounce
2023-04-26,long,sr_bounce,99.06398842537106,win,sl,17,2,3.652994608827947,1983.3665,S3_SR_Bounce
2023-04-27,short,sr_bounce,-100.00000000000414,loss,sl,3,3,2.1559450499652506,2001.0249999999999,S3_SR_Bounce
2023-04-27,long,sr_bounce,87.93170787956346,win,sl,15,3,4.377335449372836,1983.3665,S3_SR_Bounce
2023-05-02,short,sr_bounce,87.93445551971055,win,sl,16,1,4.142746360602743,2019.4215,S3_SR_Bounce
2023-05-03,long,sr_bounce,-100.00000000000058,loss,sl,12,2,1.882534313645454,2008.0670000000002,S3_SR_Bounce
2023-05-08,long,sr_bounce,143.90016652147278,win,sl,13,0,2.2403459865921627,2017.9645,S3_SR_Bounce
2023-05-11,long,sr_bounce,123.90874600364094,win,sl,9,3,2.4037765501009614,2021.5595,S3_SR_Bounce
2023-05-16,long,sr_bounce,-99.9999999999946,loss,sl,11,1,1.5770201842397853,2007.4,S3_SR_Bounce
2023-05-18,short,sr_bounce,206.9861309035137,win,sl,2,3,1.2656581114755898,1986.0895,S3_SR_Bounce
2023-05-23,short,sr_bounce,-99.99999999999747,loss,sl,18,1,2.685100739930544,1977.7345,S3_SR_Bounce
2023-05-24,short,sr_bounce,-99.99999999999719,loss,sl,9,2,2.2636033570475504,1977.7345,S3_SR_Bounce
2023-05-30,short,sr_bounce,-99.99999999999918,loss,sl,9,1,2.7166528796083407,1949.755,S3_SR_Bounce
2023-05-31,short,sr_bounce,-99.99999999999639,loss,sl,2,2,1.5320974686363213,1957.3805,S3_SR_Bounce
2023-06-01,short,sr_bounce,-100.0000000000015,loss,sl,13,3,3.1175965671888646,1974.7865000000002,S3_SR_Bounce
2023-06-06,short,sr_bounce,136.661083385229,win,sl,12,1,1.879304675586322,1966.3865,S3_SR_Bounce
2023-06-06,long,sr_bounce,92.42074803847491,win,sl,13,1,2.6615919727140906,1954.4350000000002,S3_SR_Bounce
2023-06-07,short,sr_bounce,89.27612031484576,win,sl,10,2,1.7717889386078187,1966.3865,S3_SR_Bounce
2023-06-08,short,sr_bounce,81.71984623273471,win,sl,20,3,1.830843587937945,1966.3865,S3_SR_Bounce
2023-06-12,long,sr_bounce,180.2520798744443,win,sl,2,0,1.414061561541281,1954.3600000000001,S3_SR_Bounce
2023-06-12,short,sr_bounce,187.1607025158219,win,sl,10,0,1.6439903375187617,1967.0149999999999,S3_SR_Bounce
2023-06-13,short,sr_bounce,-99.99999999999879,loss,sl,12,1,3.2346450137679703,1970.5265000000002,S3_SR_Bounce
2023-06-13,long,sr_bounce,-100.00000000000074,loss,sl,13,1,3.6629081979767495,1956.635,S3_SR_Bounce
2023-06-14,short,sr_bounce,250.0,win,tp,12,2,2.5351188176411776,1960.3705000000002,S3_SR_Bounce
2023-06-15,short,sr_bounce,90.40383282464354,win,sl,16,3,3.289780604661258,1960.3705000000002,S3_SR_Bounce
2023-06-19,long,sr_bounce,-99.99999999999314,loss,sl,6,0,1.3493675595985695,1953.3384999999998,S3_SR_Bounce
2023-06-20,short,sr_bounce,109.8820420425861,win,sl,7,1,1.8547919164396331,1956.8249999999998,S3_SR_Bounce
2023-06-21,short,sr_bounce,94.72456940847653,win,sl,2,2,1.4908193871531294,1939.54,S3_SR_Bounce
2023-06-26,short,sr_bounce,97.10917908628244,win,sl,8,0,1.796743308082875,1933.4085000000002,S3_SR_Bounce
2023-06-27,short,sr_bounce,143.2258707654563,win,sl,12,1,2.0193654883685115,1930.475,S3_SR_Bounce
2023-06-28,short,sr_bounce,162.66290528991652,win,sl,0,2,1.17510404609718,1917.325,S3_SR_Bounce
2023-06-29,short,sr_bounce,101.69315120652576,win,sl,15,3,3.5710970903775494,1913.41,S3_SR_Bounce
2023-07-03,short,sr_bounce,-99.99999999999596,loss,sl,1,0,1.2795759568385228,1917.325,S3_SR_Bounce
2023-07-04,short,sr_bounce,123.03039704369473,win,sl,9,1,1.281049447141045,1930.78,S3_SR_Bounce
2023-07-05,short,sr_bounce,190.2938518022778,win,sl,16,2,2.4164778852966875,1922.7715,S3_SR_Bounce
2023-07-06,long,sr_bounce,89.44002051518633,win,sl,12,3,3.322001945677635,1902.68,S3_SR_Bounce
2023-07-09,short,sr_bounce,128.50483534488626,win,sl,22,6,1.729920683898342,1927.675,S3_SR_Bounce
2023-07-10,long,sr_bounce,250.0,win,tp,12,0,1.9861752838106128,1912.7400000000002,S3_SR_Bounce
2023-07-11,short,sr_bounce,129.4772393269123,win,sl,1,1,1.0561890240301512,1927.675,S3_SR_Bounce
2023-07-11,long,sr_bounce,94.44714578883179,win,sl,16,1,2.2387979918350687,1929.4049999999997,S3_SR_Bounce
2023-07-17,long,sr_bounce,114.7357943069442,win,sl,0,0,1.3474581038850753,1952.4555,S3_SR_Bounce
2023-07-20,long,sr_bounce,-99.99999999999903,loss,sl,15,3,3.3234960212701345,1969.8149999999998,S3_SR_Bounce
2023-07-24,long,sr_bounce,99.7890492438127,win,sl,10,0,1.7336837278095911,1965.3665,S3_SR_Bounce
2023-07-24,short,sr_bounce,105.22699068964279,win,sl,11,0,1.6054178282758456,1967.8899999999999,S3_SR_Bounce
2023-07-25,long,sr_bounce,85.61066105818888,win,sl,12,1,2.3115076184936134,1956.8615000000002,S3_SR_Bounce
2023-07-31,long,sr_bounce,171.1368714182022,win,sl,8,0,1.637089711892935,1950.8085,S3_SR_Bounce
2023-08-01,long,sr_bounce,121.03064899987498,win,sl,17,1,2.2936627424279328,1941.2714999999998,S3_SR_Bounce
2023-08-02,short,sr_bounce,250.0,win,tp,11,2,1.761678793264848,1954.835,S3_SR_Bounce
2023-08-06,short,sr_bounce,118.9379520091898,win,sl,22,6,1.6292521498264478,1946.9964999999997,S3_SR_Bounce
2023-08-07,short,sr_bounce,137.83366100155592,win,sl,6,0,1.4246459223364296,1938.0800000000002,S3_SR_Bounce
2023-08-09,short,sr_bounce,202.86525245405446,win,sl,5,2,1.2196063331703368,1932.4,S3_SR_Bounce
2023-08-10,short,sr_bounce,-99.9999999999937,loss,sl,12,3,1.7921907183280146,1930.155,S3_SR_Bounce
2023-08-14,short,sr_bounce,172.61519018463352,win,sl,8,0,1.3733731806575624,1916.28,S3_SR_Bounce
2023-08-16,short,sr_bounce,81.49479892730072,win,sl,9,2,1.1235048842022408,1907.2399999999998,S3_SR_Bounce
2023-08-17,short,sr_bounce,156.85253616561192,win,sl,13,3,2.0726174422094643,1903.5435,S3_SR_Bounce
2023-08-22,short,sr_bounce,-99.99999999999294,loss,sl,9,1,1.5211405530975464,1903.5435,S3_SR_Bounce
2023-08-23,short,sr_bounce,-99.9999999999931,loss,sl,12,2,1.4731168406504929,1904.5784999999998,S3_SR_Bounce
2023-08-24,long,sr_bounce,250.0,win,tp,13,3,1.8541521896668964,1911.815,S3_SR_Bounce
2023-08-29,long,sr_bounce,191.28442863634982,win,sl,12,1,1.3338554688652984,1914.515,S3_SR_Bounce
2023-08-31,long,sr_bounce,137.71055740491548,win,sl,15,3,1.952613311596144,1939.0445,S3_SR_Bounce
2023-09-04,long,sr_bounce,-99.99999999999845,loss,sl,13,0,0.9669025338114502,1939.0445,S3_SR_Bounce
2023-09-05,short,sr_bounce,151.4181548929307,win,sl,4,1,0.8217611338275793,1939.05,S3_SR_Bounce
2023-09-05,long,sr_bounce,-99.99999999999461,loss,sl,5,1,0.8771802307176603,1936.8334999999997,S3_SR_Bounce
2023-09-06,long,sr_bounce,102.86801830663137,win,sl,15,2,2.438264379452306,1915.3500000000001,S3_SR_Bounce
2023-09-11,short,sr_bounce,-100.00000000000352,loss,sl,1,0,1.2384581031262332,1923.6399999999999,S3_SR_Bounce
2023-09-12,short,sr_bounce,128.3121010289102,win,sl,4,1,1.0358732315392563,1923.6399999999999,S3_SR_Bounce
2023-09-13,short,sr_bounce,123.17643928678453,win,sl,13,2,2.398630597105388,1915.8049999999998,S3_SR_Bounce
2023-09-19,long,sr_bounce,91.14644688788188,win,sl,18,1,1.3496362593131075,1929.8395,S3_SR_Bounce
2023-09-20,long,sr_bounce,93.82914301144106,win,sl,7,2,0.98745308403202,1928.0049999999999,S3_SR_Bounce
2023-09-21,long,sr_bounce,123.8433503235538,win,sl,3,3,1.3509855576250853,1928.0049999999999,S3_SR_Bounce
2023-09-25,long,sr_bounce,-100.00000000000418,loss,sl,14,0,2.169045992604106,1915.205,S3_SR_Bounce
2023-09-27,short,sr_bounce,-99.99999999999747,loss,sl,1,2,1.1140605312791931,1903.9885000000002,S3_SR_Bounce
2023-09-28,short,sr_bounce,132.99006573603208,win,sl,12,3,1.6292843106382746,1879.6399999999999,S3_SR_Bounce
2023-10-04,short,sr_bounce,-100.00000000000497,loss,sl,12,2,2.189854160583882,1830.705,S3_SR_Bounce
2023-10-09,long,sr_bounce,81.22156735632419,win,sl,13,0,1.9550976378924687,1844.2885,S3_SR_Bounce
2023-10-10,long,sr_bounce,-99.99999999999524,loss,sl,12,1,1.8154399996088568,1853.0565,S3_SR_Bounce
2023-10-10,short,sr_bounce,101.73407676062692,win,sl,17,1,2.2365828122996887,1862.825,S3_SR_Bounce
2023-10-11,short,sr_bounce,-99.99999999999666,loss,sl,7,2,1.3764492608298047,1865.4599999999998,S3_SR_Bounce
2023-10-12,long,sr_bounce,102.10729246486032,win,sl,18,3,2.1191734412535137,1867.97,S3_SR_Bounce
2023-10-23,long,sr_bounce,187.62942500029993,win,sl,1,0,3.3585288896590932,1964.425,S3_SR_Bounce
2023-10-24,long,sr_bounce,-99.99999999999969,loss,sl,8,1,2.034780397832498,1970.1799999999998,S3_SR_Bounce
2023-10-25,long,sr_bounce,-100.0000000000028,loss,sl,0,2,1.379777372386759,1973.3355,S3_SR_Bounce
2023-11-01,long,sr_bounce,158.92841188302583,win,sl,4,2,1.709157564681694,1976.9134999999999,S3_SR_Bounce
2023-11-01,short,sr_bounce,191.17325631677727,win,sl,14,2,2.6198964778611744,1992.1555,S3_SR_Bounce
2023-11-02,long,sr_bounce,157.28911372661477,win,sl,16,3,2.588333387252075,1978.92,S3_SR_Bounce
2023-11-06,long,sr_bounce,180.33924959820297,win,sl,3,0,2.1655243034099025,1982.0085,S3_SR_Bounce
2023-11-07,long,sr_bounce,-100.00000000000111,loss,sl,12,1,2.013304796209673,1956.7799999999997,S3_SR_Bounce
2023-11-08,short,sr_bounce,94.01481327394382,win,sl,2,2,1.3244804485691763,1971.13,S3_SR_Bounce
2023-11-09,short,sr_bounce,142.9808725858998,win,sl,18,3,2.9647907583638085,1965.685,S3_SR_Bounce
2023-11-15,long,sr_bounce,100.73105726589142,win,sl,0,2,1.2577181145278362,1961.67,S3_SR_Bounce
2023-11-16,long,sr_bounce,197.06755256569193,win,sl,2,3,1.3920082964897789,1956.5249999999999,S3_SR_Bounce
2023-11-22,long,sr_bounce,209.30212205382745,win,sl,1,2,1.434003036375368,1995.5314999999998,S3_SR_Bounce
2023-11-23,long,sr_bounce,-99.99999999999389,loss,sl,4,3,1.3452792373048763,1995.5314999999998,S3_SR_Bounce
2023-11-27,long,sr_bounce,100.57745338995964,win,sl,16,0,2.5110712385774487,2005.7614999999998,S3_SR_Bounce
2023-11-30,long,sr_bounce,-100.00000000000078,loss,sl,15,3,3.254981215116206,2035.3950000000002,S3_SR_Bounce
2023-12-05,long,sr_bounce,250.0,win,tp,5,1,2.483091141611552,2031.5465,S3_SR_Bounce
2023-12-06,long,sr_bounce,135.518658899645,win,sl,2,2,1.9590509758658365,2020.0900000000001,S3_SR_Bounce
2023-12-12,short,sr_bounce,102.0399845495579,win,sl,0,1,1.738946964710937,1989.593,S3_SR_Bounce
2023-12-14,long,sr_bounce,182.1474255436759,win,sl,13,3,3.1150484787586508,2027.6,S3_SR_Bounce
2023-12-17,long,sr_bounce,195.406342419638,win,sl,23,6,2.4447089831338826,2015.67,S3_SR_Bounce
2023-12-18,long,sr_bounce,200.0734975753384,win,sl,0,0,2.371565398722569,2015.67,S3_SR_Bounce
2023-12-27,long,sr_bounce,183.04115655183048,win,sl,10,2,1.5405228582560455,2061.55,S3_SR_Bounce
2023-12-28,long,sr_bounce,88.52430842389215,win,sl,21,3,1.9568282691749104,2064.6665,S3_SR_Bounce
2024-01-02,long,sr_bounce,103.04164010634287,win,sl,14,1,3.18438742495778,2062.4385,S3_SR_Bounce
2024-01-03,long,sr_bounce,-99.99999999999065,loss,sl,2,2,1.7030712228362745,2062.4385,S3_SR_Bounce
2024-01-03,short,sr_bounce,250.0,win,tp,4,2,1.3916485558366578,2066.0049999999997,S3_SR_Bounce
2024-01-08,short,sr_bounce,82.97450347782623,win,sl,0,0,1.997568545127946,2046.6850000000002,S3_SR_Bounce
2024-01-09,short,sr_bounce,-99.9999999999981,loss,sl,7,1,2.078383787979004,2036.9215000000002,S3_SR_Bounce
2024-01-10,short,sr_bounce,155.5303055817443,win,sl,10,2,2.1728089604115612,2040.3804999999998,S3_SR_Bounce
2024-01-11,long,sr_bounce,-99.99999999999712,loss,sl,13,3,3.405364336805731,2026.17,S3_SR_Bounce
2024-01-16,long,sr_bounce,-100.00000000000185,loss,sl,2,1,1.4740715958582498,2049.408,S3_SR_Bounce
2024-01-21,short,sr_bounce,97.53401131604261,win,sl,23,6,1.646865366847729,2029.0614999999998,S3_SR_Bounce
2024-01-22,short,sr_bounce,138.50850543476926,win,sl,12,0,2.1119441848543254,2030.1765,S3_SR_Bounce
2024-01-23,short,sr_bounce,-99.99999999999616,loss,sl,5,1,1.5634203296468203,2032.15,S3_SR_Bounce
2024-01-24,short,sr_bounce,-100.00000000000013,loss,sl,8,2,1.8781204924152892,2032.15,S3_SR_Bounce
2024-01-25,short,sr_bounce,171.68303135925876,win,sl,14,3,3.181643779736766,2025.3115,S3_SR_Bounce
2024-01-28,short,sr_bounce,-100.00000000000003,loss,sl,23,6,1.8544630463961762,2027.01,S3_SR_Bounce
2024-01-29,short,sr_bounce,-99.99999999999541,loss,sl,1,0,2.223308309299557,2025.3115,S3_SR_Bounce
2024-01-31,long,sr_bounce,81.03391664936713,win,sl,20,2,4.635064414424958,2031.0625000000002,S3_SR_Bounce
2024-02-01,long,sr_bounce,89.19307259256004,win,sl,11,3,2.2679234584355874,2030.08,S3_SR_Bounce
2024-02-04,short,sr_bounce,132.36594815361184,win,sl,23,6,2.0090975259879382,2042.3500000000001,S3_SR_Bounce
2024-02-05,long,sr_bounce,-100.00000000000216,loss,sl,3,0,2.0307967463824768,2031.0625000000002,S3_SR_Bounce
2024-02-06,short,sr_bounce,89.02445748107766,win,sl,17,1,2.5111518104815604,2038.9399999999998,S3_SR_Bounce
2024-02-08,long,sr_bounce,-99.99999999999879,loss,sl,13,3,2.063434928942822,2022.975,S3_SR_Bounce
2024-02-12,short,sr_bounce,125.68019898231337,win,sl,1,0,1.3136753899193632,2026.955,S3_SR_Bounce
2024-02-13,short,sr_bounce,-99.99999999999902,loss,sl,10,1,1.0174335643039385,2026.955,S3_SR_Bounce
2024-02-20,short,sr_bounce,-99.99999999999835,loss,sl,11,1,4.46142619295195,2026.955,S3_SR_Bounce
2024-02-21,short,sr_bounce,-99.99999999999048,loss,sl,4,2,1.1383860137365165,2030.9335,S3_SR_Bounce
2024-02-21,long,sr_bounce,-99.99999999999855,loss,sl,16,2,1.9420112227888067,2022.985,S3_SR_Bounce
2024-02-22,short,sr_bounce,-100.00000000000604,loss,sl,1,3,1.362758819429391,2027.665,S3_SR_Bounce
2024-02-22,long,sr_bounce,-99.9999999999941,loss,sl,13,3,1.8623795680413155,2022.985,S3_SR_Bounce
2024-02-26,long,sr_bounce,101.49193643633059,win,sl,0,0,1.4594471261118254,2029.945,S3_SR_Bounce
2024-02-27,long,sr_bounce,164.99118190201153,win,sl,19,1,1.676413574532697,2029.945,S3_SR_Bounce
2024-02-28,long,sr_bounce,178.0913207068786,win,sl,1,2,1.1194851734982665,2029.945,S3_SR_Bounce
2024-02-28,short,sr_bounce,165.77652673629558,win,sl,14,2,1.705733912254238,2037.96,S3_SR_Bounce
2024-03-04,long,sr_bounce,138.2180614016774,win,sl,1,0,1.8396003043772928,2079.4615,S3_SR_Bounce
2024-03-11,long,sr_bounce,250.0,win,tp,13,0,2.325148759185552,2174.8735,S3_SR_Bounce
2024-03-12,long,sr_bounce,-99.99999999998668,loss,sl,6,1,1.701728573065565,2174.8735,S3_SR_Bounce
2024-03-13,long,sr_bounce,-99.99999999999608,loss,sl,18,2,2.818167025639124,2174.8735,S3_SR_Bounce
2024-03-18,long,sr_bounce,81.69151865393357,win,sl,3,0,2.012054765265063,2146.16,S3_SR_Bounce
2024-03-19,long,sr_bounce,-100.00000000000576,loss,sl,8,1,2.1501736325143286,2147.21,S3_SR_Bounce
2024-03-25,short,sr_bounce,88.71236327790815,win,sl,2,0,2.64970661181683,2178.3955,S3_SR_Bounce
2024-03-25,long,sr_bounce,-99.9999999999975,loss,sl,6,0,2.1658108522292965,2166.4345000000003,S3_SR_Bounce
2024-03-26,long,sr_bounce,80.2448562899729,win,sl,1,1,1.7826126340331692,2167.6414999999997,S3_SR_Bounce
2024-03-27,long,sr_bounce,87.85777989235875,win,sl,1,2,2.01278326760163,2173.52,S3_SR_Bounce
2024-04-08,long,sr_bounce,250.0,win,tp,1,0,4.31693520022112,2302.975,S3_SR_Bounce
2024-04-11,long,sr_bounce,140.566277292403,win,sl,1,3,3.1365214396200494,2338.34,S3_SR_Bounce
2024-04-15,long,sr_bounce,250.0,win,tp,14,0,6.711698796296492,2325.8044999999997,S3_SR_Bounce
2024-04-17,long,sr_bounce,133.74804775035233,win,sl,6,2,2.9044930664494517,2372.77,S3_SR_Bounce
2024-04-18,long,sr_bounce,91.41484962837106,win,sl,3,3,3.1046719693684905,2372.77,S3_SR_Bounce
2024-04-22,long,sr_bounce,-100.00000000000293,loss,sl,2,0,3.295169754352531,2372.77,S3_SR_Bounce
2024-04-23,long,sr_bounce,177.59809085745627,win,sl,9,1,4.878029930397459,2291.485,S3_SR_Bounce
2024-04-23,short,sr_bounce,109.31960551687642,win,sl,16,1,5.2190065551162235,2332.215,S3_SR_Bounce
2024-04-24,short,sr_bounce,83.25836640604861,win,sl,6,2,2.8273942788754987,2332.215,S3_SR_Bounce
2024-04-25,short,sr_bounce,130.5383650983003,win,sl,15,3,6.473616651383031,2337.3665,S3_SR_Bounce
2024-04-29,long,sr_bounce,88.0687533069687,win,sl,1,0,3.459079506600265,2319.9165000000003,S3_SR_Bounce
2024-04-30,long,sr_bounce,-100.00000000000028,loss,sl,4,1,2.3663810266571024,2325.6435,S3_SR_Bounce
2024-05-01,short,sr_bounce,154.1396667060561,win,sl,18,2,5.940053465457222,2328.445,S3_SR_Bounce
2024-05-06,short,sr_bounce,-99.99999999999784,loss,sl,10,0,2.739216775582977,2320.6814999999997,S3_SR_Bounce
2024-05-08,short,sr_bounce,112.30914534010286,win,sl,5,2,2.012354539286381,2321.5299999999997,S3_SR_Bounce
2024-05-09,short,sr_bounce,250.0,win,tp,12,3,3.248462394911727,2329.9515,S3_SR_Bounce
2024-05-13,long,sr_bounce,109.76401831422693,win,sl,15,0,4.113137500808358,2332.1955,S3_SR_Bounce
2024-05-15,long,sr_bounce,250.0,win,tp,13,2,5.098025941192102,2351.9435000000003,S3_SR_Bounce
2024-05-22,long,sr_bounce,-100.00000000000324,loss,sl,13,2,3.813138924648105,2406.352,S3_SR_Bounce
2024-05-28,short,sr_bounce,105.64375087743885,win,sl,1,1,2.1662446764745145,2356.4165,S3_SR_Bounce
2024-05-29,long,sr_bounce,-100.00000000000004,loss,sl,12,2,2.858661887675679,2340.3355,S3_SR_Bounce
2024-05-29,short,sr_bounce,115.63241487072429,win,sl,14,2,4.1112900582536405,2347.52,S3_SR_Bounce
2024-05-30,short,sr_bounce,91.36246575444085,win,sl,14,3,3.9345333313564623,2351.8965000000003,S3_SR_Bounce
2024-06-03,short,sr_bounce,100.67491160941773,win,sl,17,0,4.194066967947481,2354.785,S3_SR_Bounce
2024-06-05,short,sr_bounce,-99.99999999999984,loss,sl,16,2,4.611265009355982,2354.785,S3_SR_Bounce
2024-06-10,short,sr_bounce,250.0,win,tp,17,0,3.213399573174959,2313.845,S3_SR_Bounce
2024-06-11,short,sr_bounce,111.37068520220224,win,sl,12,1,2.8265050093976845,2320.0185,S3_SR_Bounce
2024-06-12,short,sr_bounce,-99.99999999999893,loss,sl,1,2,1.8799209813282887,2313.845,S3_SR_Bounce
2024-06-13,short,sr_bounce,-99.99999999999497,loss,sl,1,3,3.5671212624399207,2313.845,S3_SR_Bounce
2024-06-17,short,sr_bounce,106.06489208731564,win,sl,13,0,2.745697438096736,2326.7085,S3_SR_Bounce
2024-06-18,short,sr_bounce,-99.99999999999993,loss,sl,14,1,4.178492746897521,2326.7085,S3_SR_Bounce
2024-06-19,short,sr_bounce,-100.00000000000907,loss,sl,7,2,1.5411977209272176,2333.165,S3_SR_Bounce
2024-06-19,long,sr_bounce,157.8823097584285,win,sl,14,2,2.4095130109510814,2323.9845,S3_SR_Bounce
2024-06-20,long,sr_bounce,250.0,win,tp,0,3,1.3710842525068294,2327.8165,S3_SR_Bounce
2024-06-20,short,sr_bounce,-99.9999999999985,loss,sl,2,3,2.0921710168291017,2335.0565,S3_SR_Bounce
2024-06-24,short,sr_bounce,149.82019616360796,win,sl,22,0,1.8620252593951379,2334.7975,S3_SR_Bounce
2024-06-25,short,sr_bounce,250.0,win,tp,10,1,2.359789872149201,2337.1815,S3_SR_Bounce
2024-06-27,short,sr_bounce,82.89593546787177,win,sl,15,3,3.810540993216266,2330.99,S3_SR_Bounce
2024-07-01,long,sr_bounce,112.46834504708507,win,sl,14,0,4.1287258663798045,2319.12,S3_SR_Bounce
2024-07-01,short,sr_bounce,-99.9999999999999,loss,sl,18,0,2.78550468265212,2330.99,S3_SR_Bounce
2024-07-02,long,sr_bounce,101.32361516481294,win,sl,12,1,2.480123365024639,2319.12,S3_SR_Bounce
2024-07-02,short,sr_bounce,250.0,win,tp,13,1,3.2463828119388665,2336.8715,S3_SR_Bounce
2024-07-04,long,sr_bounce,129.4768198380646,win,sl,6,3,2.1666679865180027,2350.5695,S3_SR_Bounce
2024-07-08,long,sr_bounce,162.45322728412944,win,sl,16,0,4.223197681112098,2350.5695,S3_SR_Bounce
2024-07-09,short,sr_bounce,-99.99999999999993,loss,sl,8,1,2.0267146525998228,2361.9315,S3_SR_Bounce
2024-07-09,long,sr_bounce,194.44778039040452,win,sl,15,1,4.354061268143239,2349.1085000000003,S3_SR_Bounce
2024-07-10,long,sr_bounce,119.11027803821437,win,sl,19,2,2.6365361507272933,2369.97,S3_SR_Bounce
2024-07-15,long,sr_bounce,181.62051548426382,win,sl,7,0,2.212565921203334,2401.41,S3_SR_Bounce
2024-07-18,long,sr_bounce,-99.99999999999515,loss,sl,17,3,3.594156472149454,2451.6185,S3_SR_Bounce
2024-07-22,short,sr_bounce,160.42214728251892,win,sl,1,0,2.7659118890618113,2412.255,S3_SR_Bounce
2024-07-22,long,sr_bounce,129.86808728945337,win,sl,15,0,4.083462709614395,2383.91,S3_SR_Bounce
2024-07-25,long,sr_bounce,138.1185630370788,win,sl,17,3,5.249312503185608,2353.2055,S3_SR_Bounce
2024-07-28,short,sr_bounce,-99.99999999999916,loss,sl,22,6,3.5951952040509543,2403.28,S3_SR_Bounce
2024-07-29,long,sr_bounce,145.50994750911374,win,sl,15,0,4.346667177836331,2369.6965,S3_SR_Bounce
2024-07-29,short,sr_bounce,-100.00000000000244,loss,sl,16,0,3.9285359047948027,2379.455,S3_SR_Bounce
2024-07-30,short,sr_bounce,-99.99999999999545,loss,sl,6,1,2.2571127498377908,2390.85,S3_SR_Bounce
2024-08-01,long,sr_bounce,85.41592664081317,win,sl,9,3,3.029918210374596,2430.2735,S3_SR_Bounce
2024-08-05,long,sr_bounce,80.5665164345315,win,sl,1,0,7.705290220476998,2430.2735,S3_SR_Bounce
2024-08-06,short,sr_bounce,91.13280220401666,win,sl,0,1,3.915496285980379,2418.4135,S3_SR_Bounce
2024-08-07,short,sr_bounce,107.43917040357876,win,sl,12,2,3.515687171740996,2407.1115,S3_SR_Bounce
2024-08-12,long,sr_bounce,98.56128248204094,win,sl,2,0,2.393886618673591,2423.91,S3_SR_Bounce
2024-08-13,long,sr_bounce,121.59592923184523,win,sl,5,1,2.7352174160642404,2458.56,S3_SR_Bounce
2024-08-14,long,sr_bounce,172.6201738410336,win,sl,2,2,2.800769039184419,2455.4435000000003,S3_SR_Bounce
2024-08-15,long,sr_bounce,-99.99999999999652,loss,sl,6,3,2.3551271596480454,2455.4435000000003,S3_SR_Bounce
2024-08-19,long,sr_bounce,250.0,win,tp,13,0,3.793992273918111,2485.7,S3_SR_Bounce
2024-08-21,long,sr_bounce,-100.00000000000004,loss,sl,14,2,4.332190563633047,2494.0750000000003,S3_SR_Bounce
2024-08-22,long,sr_bounce,-100.00000000000652,loss,sl,3,3,2.683895366119766,2500.8935,S3_SR_Bounce
2024-08-26,long,sr_bounce,160.42114975557053,win,sl,4,0,2.0698913288637977,2508.8185,S3_SR_Bounce
2024-08-27,long,sr_bounce,-100.00000000000537,loss,sl,8,1,3.120738354110759,2508.8185,S3_SR_Bounce
2024-08-28,long,sr_bounce,153.54222361282862,win,sl,6,2,2.4715537058049386,2503.59,S3_SR_Bounce
2024-09-01,long,sr_bounce,-99.99999999999301,loss,sl,22,6,2.9207419845799674,2503.71,S3_SR_Bounce
2024-09-03,long,sr_bounce,-99.9999999999955,loss,sl,2,1,2.284264346321482,2493.6834999999996,S3_SR_Bounce
2024-09-03,short,sr_bounce,86.70614319642414,win,sl,8,1,2.3084910693443916,2506.345,S3_SR_Bounce
2024-09-04,short,sr_bounce,168.22039605384808,win,sl,3,2,2.0226164582410076,2496.99,S3_SR_Bounce
2024-09-04,long,sr_bounce,-99.99999999999264,loss,sl,4,2,1.801276659824585,2494.2419999999997,S3_SR_Bounce
2024-09-05,short,sr_bounce,-100.0,loss,sl,0,3,1.6784312432278057,2496.99,S3_SR_Bounce
2024-09-05,long,sr_bounce,97.36974398677631,win,sl,0,3,1.6721294903341493,2494.2419999999997,S3_SR_Bounce
2024-09-08,short,sr_bounce,-99.99999999999254,loss,sl,23,6,2.808142943369358,2496.99,S3_SR_Bounce
2024-09-09,short,sr_bounce,-100.00000000000546,loss,sl,0,0,2.5631493285498856,2496.99,S3_SR_Bounce
2024-09-10,long,sr_bounce,-99.99999999999622,loss,sl,8,1,2.1096920330210995,2500.2115,S3_SR_Bounce
2024-09-15,long,sr_bounce,81.38056240357055,win,sl,22,6,2.6305694559097654,2577.618,S3_SR_Bounce
2024-09-16,long,sr_bounce,85.31498516973053,win,sl,10,0,2.741092771424976,2575.335,S3_SR_Bounce
2024-09-17,long,sr_bounce,-100.00000000000797,loss,sl,3,1,1.9030272232651744,2577.618,S3_SR_Bounce
2024-09-18,long,sr_bounce,-100.00000000000256,loss,sl,3,2,2.0982430188072985,2575.335,S3_SR_Bounce
2024-09-19,long,sr_bounce,172.49343007177347,win,sl,3,3,4.070714090820585,2560.9845,S3_SR_Bounce
2024-10-02,long,sr_bounce,250.0,win,tp,5,2,2.874934641049342,2644.59,S3_SR_Bounce
2024-10-03,long,sr_bounce,-100.00000000000469,loss,sl,8,3,2.908910124248314,2644.59,S3_SR_Bounce
2024-10-07,long,sr_bounce,89.38948089057831,win,sl,3,0,2.6393181087786686,2644.59,S3_SR_Bounce
2024-10-08,long,sr_bounce,-99.99999999999952,loss,sl,1,1,2.5446419425329747,2638.5840000000003,S3_SR_Bounce
2024-10-09,short,sr_bounce,145.07819470972814,win,sl,5,2,2.6232155590311983,2624.3849999999998,S3_SR_Bounce
2024-10-09,long,sr_bounce,84.69108394986023,win,sl,14,2,3.6293693635864805,2604.7844999999998,S3_SR_Bounce
2024-10-10,short,sr_bounce,-100.00000000000126,loss,sl,13,3,4.3786590369936125,2624.3849999999998,S3_SR_Bounce
2024-10-14,long,sr_bounce,-99.99999999999791,loss,sl,1,0,2.509706309467272,2643.2585,S3_SR_Bounce
2024-10-15,long,sr_bounce,-100.00000000000439,loss,sl,3,1,2.354984476526521,2644.03,S3_SR_Bounce
2024-10-21,long,sr_bounce,83.1845272350189,win,sl,19,0,3.3945009928255603,2714.3285,S3_SR_Bounce
2024-10-23,long,sr_bounce,119.97271523199512,win,sl,20,2,3.4380862961684717,2714.3285,S3_SR_Bounce
2024-10-30,long,sr_bounce,-100.00000000000358,loss,sl,13,2,4.1863802668115895,2770.9585,S3_SR_Bounce
2024-10-31,long,sr_bounce,82.176654716868,win,sl,15,3,5.2055771331590135,2731.6299999999997,S3_SR_Bounce
2024-11-04,short,sr_bounce,209.3574255272494,win,sl,14,0,3.209649755998862,2748.235,S3_SR_Bounce
2024-11-04,long,sr_bounce,94.74594149434449,win,sl,16,0,3.7318378158432077,2731.6299999999997,S3_SR_Bounce
2024-11-06,long,sr_bounce,-100.00000000000094,loss,sl,8,2,8.057012117768334,2724.83,S3_SR_Bounce
2024-11-12,short,sr_bounce,89.24260537396937,win,sl,1,1,2.8562562549080384,2627.2035,S3_SR_Bounce
2024-11-13,short,sr_bounce,93.05678131238194,win,sl,12,2,2.9863190442517267,2613.3215,S3_SR_Bounce
2024-11-14,short,sr_bounce,80.07073751361665,win,sl,16,3,5.092831214854578,2577.5099999999998,S3_SR_Bounce
2024-11-17,short,sr_bounce,81.83641626273993,win,sl,23,6,3.389380717744156,2576.1265000000003,S3_SR_Bounce
2024-11-18,short,sr_bounce,-100.0000000000022,loss,sl,12,0,3.589120643259242,2597.3855,S3_SR_Bounce
2024-11-20,short,sr_bounce,-100.00000000000688,loss,sl,0,2,2.312477156519276,2639.5099999999998,S3_SR_Bounce
2024-11-25,long,sr_bounce,250.0,win,tp,23,0,5.285716766796685,2605.3585000000003,S3_SR_Bounce
2024-11-27,short,sr_bounce,90.10532140136088,win,sl,16,2,4.7922713174547455,2641.9695,S3_SR_Bounce
2024-11-28,short,sr_bounce,118.38327402772603,win,sl,16,3,2.7622866283430887,2641.9695,S3_SR_Bounce
2024-12-02,short,sr_bounce,-100.00000000000244,loss,sl,15,0,4.703140822952604,2649.715,S3_SR_Bounce
2024-12-04,short,sr_bounce,250.0,win,tp,6,2,2.3325288018415646,2651.8315000000002,S3_SR_Bounce
2024-12-05,long,sr_bounce,156.87999235154544,win,sl,15,3,4.163957902518732,2632.47,S3_SR_Bounce
2024-12-09,short,sr_bounce,82.87539457993695,win,sl,3,0,4.720228992816732,2645.7585000000004,S3_SR_Bounce
2024-12-11,long,sr_bounce,250.0,win,tp,5,2,4.077785933459225,2675.4750000000004,S3_SR_Bounce
2024-12-12,long,sr_bounce,-100.00000000000078,loss,sl,1,3,3.748022390447175,2699.9135,S3_SR_Bounce
2024-12-18,short,sr_bounce,97.0901391011362,win,sl,1,2,2.1303501616885354,2651.79,S3_SR_Bounce
2024-12-23,short,sr_bounce,-100.00000000000288,loss,sl,4,0,2.6682736212000377,2626.545,S3_SR_Bounce
2024-12-24,short,sr_bounce,90.02358801232974,win,sl,7,1,1.9661817052438597,2621.49,S3_SR_Bounce
2024-12-26,long,sr_bounce,147.77766032023544,win,sl,13,3,2.261451118710505,2621.8165,S3_SR_Bounce
2024-12-26,short,sr_bounce,95.82527510402188,win,sl,15,3,2.6578263855792597,2639.1749999999997,S3_SR_Bounce
2025-01-13,long,sr_bounce,-99.99999999999942,loss,sl,12,0,3.867544300387658,2663.9205,S3_SR_Bounce
2025-01-14,long,sr_bounce,250.0,win,tp,14,1,3.6785856016546856,2659.9385,S3_SR_Bounce
2025-01-15,long,sr_bounce,250.0,win,tp,2,2,3.357453558675925,2669.503,S3_SR_Bounce
2025-01-20,long,sr_bounce,110.62902340781886,win,sl,13,0,3.571688827480119,2702.27,S3_SR_Bounce
2025-01-23,long,sr_bounce,104.84735791100672,win,sl,9,3,2.8443735939810186,2741.0365,S3_SR_Bounce
2025-01-27,long,sr_bounce,-99.9999999999991,loss,sl,23,0,5.108502346977776,2741.0365,S3_SR_Bounce
2025-01-28,long,sr_bounce,-99.9999999999965,loss,sl,5,1,3.891555974880384,2741.0365,S3_SR_Bounce
2025-01-29,long,sr_bounce,250.0,win,tp,12,2,1.9647681577651677,2755.59,S3_SR_Bounce
2025-02-03,long,sr_bounce,-100.0000000000032,loss,sl,0,0,4.124675454277489,2791.7,S3_SR_Bounce
2025-02-05,long,sr_bounce,97.96980060562069,win,sl,20,2,3.800106963252629,2860.06,S3_SR_Bounce
2025-02-06,long,sr_bounce,-99.99999999999775,loss,sl,10,3,4.319675524404016,2860.06,S3_SR_Bounce
2025-02-18,long,sr_bounce,92.97197486399777,win,sl,3,1,3.783880028213724,2906.655,S3_SR_Bounce
2025-02-19,long,sr_bounce,-99.9999999999992,loss,sl,16,2,4.992044272231891,2923.1135,S3_SR_Bounce
2025-02-20,long,sr_bounce,250.0,win,tp,15,3,4.46492489698546,2931.7435,S3_SR_Bounce
2025-02-24,long,sr_bounce,100.79355673615133,win,sl,15,0,4.659304127314338,2931.7435,S3_SR_Bounce
2025-02-26,short,sr_bounce,189.80558896057772,win,sl,0,2,3.735766409698963,2926.375,S3_SR_Bounce
2025-02-26,long,sr_bounce,250.0,win,tp,14,2,5.05230022638358,2890.8015,S3_SR_Bounce
2025-02-27,long,sr_bounce,-99.99999999999888,loss,sl,5,3,5.561211994407193,2890.8015,S3_SR_Bounce
2025-03-04,long,sr_bounce,250.0,win,tp,0,1,4.197360850857105,2890.8015,S3_SR_Bounce
2025-03-10,long,sr_bounce,-99.99999999999841,loss,sl,13,0,4.779238082222113,2896.5115,S3_SR_Bounce
2025-03-11,short,sr_bounce,144.22133860022024,win,sl,18,1,4.018806972229588,2920.755,S3_SR_Bounce
2025-03-17,long,sr_bounce,250.0,win,tp,5,0,2.682780570265256,2981.875,S3_SR_Bounce
2025-03-23,short,sr_bounce,128.1566804697561,win,sl,23,6,4.58887507676971,3026.35,S3_SR_Bounce
2025-03-24,long,sr_bounce,-99.99999999999822,loss,sl,11,0,3.5162963947596553,3025.915,S3_SR_Bounce
2025-03-26,long,sr_bounce,189.1588275610104,win,sl,1,2,2.940536950602991,3016.4715,S3_SR_Bounce
2025-03-26,short,sr_bounce,-100.000000000006,loss,sl,6,2,3.157817299057835,3026.35,S3_SR_Bounce
2025-04-09,short,sr_bounce,-100.0000000000013,loss,sl,5,2,8.674515518786281,3019.575,S3_SR_Bounce
2025-04-14,long,sr_bounce,111.07146012488269,win,sl,14,0,8.618437916226698,3195.295,S3_SR_Bounce
2025-04-15,long,sr_bounce,117.03128559047727,win,sl,17,1,5.896914086374791,3220.48,S3_SR_Bounce
2025-04-17,long,sr_bounce,-99.99999999999794,loss,sl,11,3,8.322938150506786,3320.855,S3_SR_Bounce
2025-04-28,short,sr_bounce,207.7028459797041,win,sl,19,0,6.9195813767129914,3353.13,S3_SR_Bounce
2025-04-29,short,sr_bounce,194.94872679671113,win,sl,19,1,6.062386544586066,3325.125,S3_SR_Bounce
2025-04-30,long,sr_bounce,-100.00000000000153,loss,sl,5,2,5.406660268094501,3306.275,S3_SR_Bounce
2025-05-05,short,sr_bounce,-100.00000000000267,loss,sl,1,0,7.7182725095902,3265.74,S3_SR_Bounce
2025-05-07,long,sr_bounce,102.20285492638513,win,sl,3,2,9.236804708878452,3369.875,S3_SR_Bounce
2025-05-08,long,sr_bounce,-99.99999999999815,loss,sl,5,3,7.7497826604718805,3369.875,S3_SR_Bounce
2025-05-12,long,sr_bounce,168.50447597969313,win,sl,16,0,12.198778889752546,3223.28,S3_SR_Bounce
2025-05-22,long,sr_bounce,250.0,win,tp,11,3,8.207807356875284,3283.1185,S3_SR_Bounce
2025-05-27,long,sr_bounce,-100.00000000000047,loss,sl,14,1,8.341326426497705,3283.1185,S3_SR_Bounce
2025-05-28,long,sr_bounce,-99.99999999999818,loss,sl,22,2,7.149092686942953,3283.1185,S3_SR_Bounce
2025-05-29,short,sr_bounce,250.0,win,tp,15,3,8.628935039125986,3316.5485,S3_SR_Bounce
2025-06-09,long,sr_bounce,86.41082732630284,win,sl,2,0,8.765071975519174,3293.6435,S3_SR_Bounce
2025-06-10,short,sr_bounce,250.0,win,tp,10,1,5.038787986910246,3336.32,S3_SR_Bounce
2025-06-11,long,sr_bounce,250.0,win,tp,15,2,5.256486338597593,3329.695,S3_SR_Bounce
2025-06-17,short,sr_bounce,97.52721909037918,win,sl,13,1,6.545249776398567,3397.5115,S3_SR_Bounce
2025-06-19,long,sr_bounce,91.09008530099408,win,sl,13,3,6.3162671539868,3366.225,S3_SR_Bounce
2025-06-23,long,sr_bounce,-99.99999999999983,loss,sl,0,0,6.058959558973594,3361.6,S3_SR_Bounce
2025-06-26,short,sr_bounce,250.0,win,tp,7,3,3.7603511971031267,3347.265,S3_SR_Bounce
2025-06-30,short,sr_bounce,143.03627627287793,win,sl,7,0,7.567625545085931,3296.875,S3_SR_Bounce
2025-07-01,short,sr_bounce,-99.99999999999885,loss,sl,10,1,5.53338270746378,3347.265,S3_SR_Bounce
2025-07-02,short,sr_bounce,169.87747873595498,win,sl,11,2,4.801134481264354,3347.265,S3_SR_Bounce
2025-07-08,short,sr_bounce,180.34107749591038,win,sl,2,1,5.723626362966417,3338.14,S3_SR_Bounce
2025-07-16,short,sr_bounce,250.0,win,tp,15,2,7.245639475133864,3377.62,S3_SR_Bounce
2025-07-17,long,sr_bounce,-100.0000000000004,loss,sl,12,3,5.8161872662817355,3323.82,S3_SR_Bounce
2025-07-29,short,sr_bounce,146.19084423011867,win,sl,15,1,5.5558585830435705,3334.2065,S3_SR_Bounce
2025-07-30,short,sr_bounce,91.63750389268816,win,sl,0,2,4.440223968971997,3334.2065,S3_SR_Bounce
2025-08-04,long,sr_bounce,83.92810179589021,win,sl,7,0,5.522153491280822,3351.7565,S3_SR_Bounce
2025-08-05,long,sr_bounce,250.0,win,tp,11,1,4.956618576309243,3351.7565,S3_SR_Bounce
2025-08-12,short,sr_bounce,166.77210768833845,win,sl,7,1,5.599401258438203,3358.25,S3_SR_Bounce
2025-08-13,short,sr_bounce,141.32709613719575,win,sl,14,2,5.35055168625194,3370.835,S3_SR_Bounce
2025-08-14,long,sr_bounce,250.0,win,tp,8,3,4.979392788484574,3341.28,S3_SR_Bounce
2025-08-28,long,sr_bounce,150.19207457378488,win,sl,1,3,2.877880170488607,3384.725,S3_SR_Bounce
2025-09-11,long,sr_bounce,-99.99999999999794,loss,sl,10,3,4.74454834819481,3619.48,S3_SR_Bounce
2025-09-15,long,sr_bounce,124.63972215206809,win,sl,7,0,3.7345179642135076,3633.752,S3_SR_Bounce
2025-09-18,long,sr_bounce,250.0,win,tp,6,3,6.488284689028459,3633.752,S3_SR_Bounce
2025-09-18,short,sr_bounce,250.0,win,tp,9,3,7.484458932742754,3672.8925,S3_SR_Bounce
2025-10-01,long,sr_bounce,126.91672324481755,win,sl,6,2,5.721415933856342,3853.38,S3_SR_Bounce
2025-10-02,long,sr_bounce,143.76477595163317,win,sl,14,3,10.203261154322036,3825.4185,S3_SR_Bounce
2025-10-06,long,sr_bounce,145.6463174805042,win,sl,12,0,7.304211677359985,3926.725,S3_SR_Bounce
2025-10-14,long,sr_bounce,98.3669827971176,win,sl,7,1,11.209682892877861,4102.708,S3_SR_Bounce
2025-10-26,long,sr_bounce,-100.00000000000078,loss,sl,23,6,14.598822151924084,4081.097,S3_SR_Bounce
2025-10-30,short,sr_bounce,-100.00000000000142,loss,sl,20,3,12.286703358538313,4025.735,S3_SR_Bounce
2025-11-03,short,sr_bounce,121.58837702358525,win,sl,7,0,12.341853026402482,4025.735,S3_SR_Bounce
2025-11-06,long,sr_bounce,250.0,win,tp,16,3,9.267780733808452,3975.71,S3_SR_Bounce
2025-11-10,short,sr_bounce,-99.9999999999975,loss,sl,0,0,8.380901234289222,4017.005,S3_SR_Bounce
2025-11-18,short,sr_bounce,150.16729822423247,win,sl,19,1,11.326079826092696,4081.95,S3_SR_Bounce
2025-11-20,long,sr_bounce,139.7768186227218,win,sl,11,3,10.207100192661292,4051.105,S3_SR_Bounce
2025-11-20,short,sr_bounce,-99.99999999999986,loss,sl,12,3,10.694260284844875,4081.95,S3_SR_Bounce
2025-11-24,long,sr_bounce,105.55242561661579,win,sl,7,0,14.134426075584319,4051.105,S3_SR_Bounce
2025-11-27,long,sr_bounce,186.6101539069964,win,sl,3,3,6.625916686046674,4144.495,S3_SR_Bounce
2025-12-02,long,sr_bounce,92.59003121958985,win,sl,10,1,7.730596264076599,4182.365,S3_SR_Bounce
2025-12-04,long,sr_bounce,181.90006873767484,win,sl,5,3,9.764981202243886,4175.184,S3_SR_Bounce
2025-12-29,long,sr_bounce,-99.99999999999758,loss,sl,7,0,14.483938460188604,4441.57,S3_SR_Bounce
2025-12-30,short,sr_bounce,250.0,win,tp,11,1,12.641589652421558,4390.4285,S3_SR_Bounce
2026-01-06,long,sr_bounce,-99.99999999999555,loss,sl,1,1,7.723925647150625,4427.985,S3_SR_Bounce
2026-01-08,long,sr_bounce,-100.0000000000062,loss,sl,5,3,6.5175071661329245,4423.47,S3_SR_Bounce
2026-01-13,long,sr_bounce,167.40629715063085,win,sl,20,1,10.886120773663043,4569.63,S3_SR_Bounce
2026-01-14,long,sr_bounce,-99.99999999999844,loss,sl,15,2,9.655317750541295,4599.5235,S3_SR_Bounce
2026-01-15,long,sr_bounce,151.21924949396302,win,sl,5,3,9.883157710331483,4581.165,S3_SR_Bounce
2026-01-18,short,sr_bounce,84.48956401470708,win,sl,23,6,15.052265744769802,4690.895,S3_SR_Bounce
2026-01-27,long,sr_bounce,143.61039534983766,win,sl,14,1,12.357688112793374,5046.7835,S3_SR_Bounce
2026-02-01,long,sr_bounce,209.84429852317908,win,sl,23,6,61.993209737236015,4682.0,S3_SR_Bounce
2026-02-02,short,sr_bounce,144.7926271895383,win,sl,12,0,51.15463827625708,4812.805,S3_SR_Bounce
2026-02-03,long,sr_bounce,98.03722515602715,win,sl,18,1,30.91774697134036,4880.785,S3_SR_Bounce
2026-02-04,long,sr_bounce,-99.99999999999977,loss,sl,15,2,30.80577090195682,4880.785,S3_SR_Bounce
2026-02-05,long,sr_bounce,-100.00000000000038,loss,sl,11,3,27.05734549336547,4880.785,S3_SR_Bounce
2026-02-11,long,sr_bounce,-100.0000000000022,loss,sl,13,2,19.585038273035504,5019.0485,S3_SR_Bounce
2026-02-16,long,sr_bounce,125.78936835507817,win,sl,5,0,11.806245595964985,4965.1515,S3_SR_Bounce
2026-02-17,long,sr_bounce,-99.99999999999835,loss,sl,2,1,11.139181811767415,4965.1515,S3_SR_Bounce
2026-02-18,long,sr_bounce,100.07548738735095,win,sl,23,2,8.513266826638672,4965.1515,S3_SR_Bounce
2026-02-19,long,sr_bounce,127.61886489880958,win,sl,0,3,9.485805794949883,4965.1515,S3_SR_Bounce
2026-02-24,long,sr_bounce,-99.99999999999825,loss,sl,12,1,9.507626048232106,5145.27,S3_SR_Bounce
2026-03-03,long,sr_bounce,-99.99999999999856,loss,sl,10,1,21.598459004254746,5260.805,S3_SR_Bounce
2026-03-04,long,sr_bounce,83.78836844288513,win,sl,18,2,18.52354973931079,5109.0665,S3_SR_Bounce
2026-03-05,long,sr_bounce,121.54953783969873,win,sl,17,3,19.709124783504162,5051.0065,S3_SR_Bounce
2026-03-08,long,sr_bounce,-100.00000000000047,loss,sl,22,6,21.546132816129003,5109.0665,S3_SR_Bounce
2026-03-09,short,sr_bounce,147.722314074096,win,sl,5,0,19.153290421195237,5144.04,S3_SR_Bounce
2026-03-12,long,sr_bounce,-99.99999999999864,loss,sl,15,3,12.882400882465111,5125.56,S3_SR_Bounce
2026-03-16,short,sr_bounce,250.0,win,tp,14,0,12.453609216117265,5038.045,S3_SR_Bounce
2026-03-18,short,sr_bounce,250.0,win,tp,6,2,7.541523676769434,5016.42,S3_SR_Bounce
2026-03-23,short,sr_bounce,250.0,win,tp,14,0,50.84169018275118,4513.0,S3_SR_Bounce
2026-03-30,short,sr_bounce,-99.99999999999886,loss,sl,11,0,14.088352646508772,4580.865,S3_SR_Bounce
2026-03-31,long,sr_bounce,198.24345377300529,win,sl,0,1,15.043435373526659,4482.61,S3_SR_Bounce
2026-03-31,short,sr_bounce,80.96963912362743,win,sl,3,1,18.49224331167805,4580.865,S3_SR_Bounce
2026-04-02,long,sr_bounce,80.18493260145328,win,sl,6,3,23.18926291070133,4553.6815,S3_SR_Bounce
2026-04-05,short,sr_bounce,-100.00000000000209,loss,sl,23,6,18.690055562893185,4619.65,S3_SR_Bounce
2026-04-06,short,sr_bounce,-100.00000000000115,loss,sl,8,0,14.67880235206286,4700.1235,S3_SR_Bounce
2026-04-07,long,sr_bounce,158.6782859981594,win,sl,2,1,13.655996609640297,4616.48,S3_SR_Bounce
2026-04-15,long,sr_bounce,123.3181273695066,win,sl,9,2,10.25085229034082,4786.255,S3_SR_Bounce
2026-04-16,long,sr_bounce,-99.99999999999893,loss,sl,14,3,10.12497461575287,4786.255,S3_SR_Bounce
2026-04-19,long,sr_bounce,250.0,win,tp,23,6,14.092809216919877,4737.0,S3_SR_Bounce
2026-04-20,long,sr_bounce,118.29843142020435,win,sl,6,0,9.55063159145733,4786.255,S3_SR_Bounce
2026-04-21,long,sr_bounce,138.59631238740192,win,sl,6,1,7.773676743047515,4773.0065,S3_SR_Bounce
2026-04-22,short,sr_bounce,163.30768277601834,win,sl,5,2,7.751797563579116,4772.475,S3_SR_Bounce
2026-04-23,short,sr_bounce,126.06007179892902,win,sl,0,3,10.619650954597454,4753.8935,S3_SR_Bounce
2026-04-27,short,sr_bounce,182.74599723844872,win,sl,4,0,7.699352721315917,4730.21,S3_SR_Bounce
2026-04-30,short,sr_bounce,109.25002966862142,win,sl,11,3,10.599662884573167,4647.09,S3_SR_Bounce
2026-05-04,short,sr_bounce,87.95590460794799,win,sl,0,0,9.022639506456018,4610.535,S3_SR_Bounce
